doc,pass,min_similarity,top_n_candidates,top_k,candidate_count,selected_chunk_count,expanded_ref_count,selected_chunk_token_estimate,gt_coverage,full_doc_chunks,rerank_ms_full_corpus
Dvina,radar_power_rf,0.2,25,5,25,5,7,2329,0.26666666666666666,45,23047.33823798597
Dvina,radar_power_rf,0.2,25,10,25,10,14,4251,0.26666666666666666,45,23047.33823798597
Dvina,radar_power_rf,0.2,25,15,25,15,16,4486,0.26666666666666666,45,23047.33823798597
Dvina,radar_power_rf,0.2,25,20,25,20,33,6555,0.26666666666666666,45,23047.33823798597
Dvina,radar_power_rf,0.2,25,30,25,25,65,8674,0.26666666666666666,45,23047.33823798597
Dvina,radar_power_rf,0.2,50,5,45,5,4,2368,0.3333333333333333,45,23047.33823798597
Dvina,radar_power_rf,0.2,50,10,45,10,7,4928,0.6666666666666666,45,23047.33823798597
Dvina,radar_power_rf,0.2,50,15,45,15,10,7288,1.0,45,23047.33823798597
Dvina,radar_power_rf,0.2,50,20,45,20,16,9734,1.0,45,23047.33823798597
Dvina,radar_power_rf,0.2,50,30,45,30,51,12645,1.0,45,23047.33823798597
Dvina,radar_power_rf,0.2,75,5,45,5,4,2368,0.3333333333333333,45,23047.33823798597
Dvina,radar_power_rf,0.2,75,10,45,10,7,4928,0.6666666666666666,45,23047.33823798597
Dvina,radar_power_rf,0.2,75,15,45,15,10,7288,1.0,45,23047.33823798597
Dvina,radar_power_rf,0.2,75,20,45,20,16,9734,1.0,45,23047.33823798597
Dvina,radar_power_rf,0.2,75,30,45,30,51,12645,1.0,45,23047.33823798597
Dvina,radar_power_rf,0.2,100,5,45,5,4,2368,0.3333333333333333,45,23047.33823798597
Dvina,radar_power_rf,0.2,100,10,45,10,7,4928,0.6666666666666666,45,23047.33823798597
Dvina,radar_power_rf,0.2,100,15,45,15,10,7288,1.0,45,23047.33823798597
Dvina,radar_power_rf,0.2,100,20,45,20,16,9734,1.0,45,23047.33823798597
Dvina,radar_power_rf,0.2,100,30,45,30,51,12645,1.0,45,23047.33823798597
Dvina,radar_power_rf,0.25,25,5,25,5,7,2329,0.26666666666666666,45,23047.33823798597
Dvina,radar_power_rf,0.25,25,10,25,10,14,4251,0.26666666666666666,45,23047.33823798597
Dvina,radar_power_rf,0.25,25,15,25,15,16,4486,0.26666666666666666,45,23047.33823798597
Dvina,radar_power_rf,0.25,25,20,25,20,33,6555,0.26666666666666666,45,23047.33823798597
Dvina,radar_power_rf,0.25,25,30,25,25,65,8674,0.26666666666666666,45,23047.33823798597
Dvina,radar_power_rf,0.25,50,5,45,5,4,2368,0.3333333333333333,45,23047.33823798597
Dvina,radar_power_rf,0.25,50,10,45,10,7,4928,0.6666666666666666,45,23047.33823798597
Dvina,radar_power_rf,0.25,50,15,45,15,10,7288,1.0,45,23047.33823798597
Dvina,radar_power_rf,0.25,50,20,45,20,16,9734,1.0,45,23047.33823798597
Dvina,radar_power_rf,0.25,50,30,45,30,51,12645,1.0,45,23047.33823798597
Dvina,radar_power_rf,0.25,75,5,45,5,4,2368,0.3333333333333333,45,23047.33823798597
Dvina,radar_power_rf,0.25,75,10,45,10,7,4928,0.6666666666666666,45,23047.33823798597
Dvina,radar_power_rf,0.25,75,15,45,15,10,7288,1.0,45,23047.33823798597
Dvina,radar_power_rf,0.25,75,20,45,20,16,9734,1.0,45,23047.33823798597
Dvina,radar_power_rf,0.25,75,30,45,30,51,12645,1.0,45,23047.33823798597
Dvina,radar_power_rf,0.25,100,5,45,5,4,2368,0.3333333333333333,45,23047.33823798597
Dvina,radar_power_rf,0.25,100,10,45,10,7,4928,0.6666666666666666,45,23047.33823798597
Dvina,radar_power_rf,0.25,100,15,45,15,10,7288,1.0,45,23047.33823798597
Dvina,radar_power_rf,0.25,100,20,45,20,16,9734,1.0,45,23047.33823798597
Dvina,radar_power_rf,0.25,100,30,45,30,51,12645,1.0,45,23047.33823798597
Dvina,radar_power_rf,0.3,25,5,25,5,7,2329,0.26666666666666666,45,23047.33823798597
Dvina,radar_power_rf,0.3,25,10,25,10,14,4251,0.26666666666666666,45,23047.33823798597
Dvina,radar_power_rf,0.3,25,15,25,15,16,4486,0.26666666666666666,45,23047.33823798597
Dvina,radar_power_rf,0.3,25,20,25,20,33,6555,0.26666666666666666,45,23047.33823798597
Dvina,radar_power_rf,0.3,25,30,25,25,65,8674,0.26666666666666666,45,23047.33823798597
Dvina,radar_power_rf,0.3,50,5,45,5,4,2368,0.3333333333333333,45,23047.33823798597
Dvina,radar_power_rf,0.3,50,10,45,10,7,4928,0.6666666666666666,45,23047.33823798597
Dvina,radar_power_rf,0.3,50,15,45,15,10,7288,1.0,45,23047.33823798597
Dvina,radar_power_rf,0.3,50,20,45,20,16,9734,1.0,45,23047.33823798597
Dvina,radar_power_rf,0.3,50,30,45,30,51,12645,1.0,45,23047.33823798597
Dvina,radar_power_rf,0.3,75,5,45,5,4,2368,0.3333333333333333,45,23047.33823798597
Dvina,radar_power_rf,0.3,75,10,45,10,7,4928,0.6666666666666666,45,23047.33823798597
Dvina,radar_power_rf,0.3,75,15,45,15,10,7288,1.0,45,23047.33823798597
Dvina,radar_power_rf,0.3,75,20,45,20,16,9734,1.0,45,23047.33823798597
Dvina,radar_power_rf,0.3,75,30,45,30,51,12645,1.0,45,23047.33823798597
Dvina,radar_power_rf,0.3,100,5,45,5,4,2368,0.3333333333333333,45,23047.33823798597
Dvina,radar_power_rf,0.3,100,10,45,10,7,4928,0.6666666666666666,45,23047.33823798597
Dvina,radar_power_rf,0.3,100,15,45,15,10,7288,1.0,45,23047.33823798597
Dvina,radar_power_rf,0.3,100,20,45,20,16,9734,1.0,45,23047.33823798597
Dvina,radar_power_rf,0.3,100,30,45,30,51,12645,1.0,45,23047.33823798597
Dvina,radar_power_rf,0.35,25,5,25,5,7,2329,0.26666666666666666,45,23047.33823798597
Dvina,radar_power_rf,0.35,25,10,25,10,14,4251,0.26666666666666666,45,23047.33823798597
Dvina,radar_power_rf,0.35,25,15,25,15,16,4486,0.26666666666666666,45,23047.33823798597
Dvina,radar_power_rf,0.35,25,20,25,20,33,6555,0.26666666666666666,45,23047.33823798597
Dvina,radar_power_rf,0.35,25,30,25,25,65,8674,0.26666666666666666,45,23047.33823798597
Dvina,radar_power_rf,0.35,50,5,42,5,4,2368,0.3333333333333333,45,23047.33823798597
Dvina,radar_power_rf,0.35,50,10,42,10,7,4928,0.6666666666666666,45,23047.33823798597
Dvina,radar_power_rf,0.35,50,15,42,15,10,7288,1.0,45,23047.33823798597
Dvina,radar_power_rf,0.35,50,20,42,20,16,9734,1.0,45,23047.33823798597
Dvina,radar_power_rf,0.35,50,30,42,30,44,12312,1.0,45,23047.33823798597
Dvina,radar_power_rf,0.35,75,5,42,5,4,2368,0.3333333333333333,45,23047.33823798597
Dvina,radar_power_rf,0.35,75,10,42,10,7,4928,0.6666666666666666,45,23047.33823798597
Dvina,radar_power_rf,0.35,75,15,42,15,10,7288,1.0,45,23047.33823798597
Dvina,radar_power_rf,0.35,75,20,42,20,16,9734,1.0,45,23047.33823798597
Dvina,radar_power_rf,0.35,75,30,42,30,44,12312,1.0,45,23047.33823798597
Dvina,radar_power_rf,0.35,100,5,42,5,4,2368,0.3333333333333333,45,23047.33823798597
Dvina,radar_power_rf,0.35,100,10,42,10,7,4928,0.6666666666666666,45,23047.33823798597
Dvina,radar_power_rf,0.35,100,15,42,15,10,7288,1.0,45,23047.33823798597
Dvina,radar_power_rf,0.35,100,20,42,20,16,9734,1.0,45,23047.33823798597
Dvina,radar_power_rf,0.35,100,30,42,30,44,12312,1.0,45,23047.33823798597
Dvina,radar_power_rf,0.4,25,5,15,5,4,680,0.0,45,23047.33823798597
Dvina,radar_power_rf,0.4,25,10,15,10,25,2306,0.0,45,23047.33823798597
Dvina,radar_power_rf,0.4,25,15,15,15,57,4427,0.0,45,23047.33823798597
Dvina,radar_power_rf,0.4,25,20,15,15,57,4427,0.0,45,23047.33823798597
Dvina,radar_power_rf,0.4,25,30,15,15,57,4427,0.0,45,23047.33823798597
Dvina,radar_power_rf,0.4,50,5,15,5,4,680,0.0,45,23047.33823798597
Dvina,radar_power_rf,0.4,50,10,15,10,25,2306,0.0,45,23047.33823798597
Dvina,radar_power_rf,0.4,50,15,15,15,57,4427,0.0,45,23047.33823798597
Dvina,radar_power_rf,0.4,50,20,15,15,57,4427,0.0,45,23047.33823798597
Dvina,radar_power_rf,0.4,50,30,15,15,57,4427,0.0,45,23047.33823798597
Dvina,radar_power_rf,0.4,75,5,15,5,4,680,0.0,45,23047.33823798597
Dvina,radar_power_rf,0.4,75,10,15,10,25,2306,0.0,45,23047.33823798597
Dvina,radar_power_rf,0.4,75,15,15,15,57,4427,0.0,45,23047.33823798597
Dvina,radar_power_rf,0.4,75,20,15,15,57,4427,0.0,45,23047.33823798597
Dvina,radar_power_rf,0.4,75,30,15,15,57,4427,0.0,45,23047.33823798597
Dvina,radar_power_rf,0.4,100,5,15,5,4,680,0.0,45,23047.33823798597
Dvina,radar_power_rf,0.4,100,10,15,10,25,2306,0.0,45,23047.33823798597
Dvina,radar_power_rf,0.4,100,15,15,15,57,4427,0.0,45,23047.33823798597
Dvina,radar_power_rf,0.4,100,20,15,15,57,4427,0.0,45,23047.33823798597
Dvina,radar_power_rf,0.4,100,30,15,15,57,4427,0.0,45,23047.33823798597
Dvina,radar_power_rf,0.45,25,5,2,2,19,531,0.0,45,23047.33823798597
Dvina,radar_power_rf,0.45,25,10,2,2,19,531,0.0,45,23047.33823798597
Dvina,radar_power_rf,0.45,25,15,2,2,19,531,0.0,45,23047.33823798597
Dvina,radar_power_rf,0.45,25,20,2,2,19,531,0.0,45,23047.33823798597
Dvina,radar_power_rf,0.45,25,30,2,2,19,531,0.0,45,23047.33823798597
Dvina,radar_power_rf,0.45,50,5,2,2,19,531,0.0,45,23047.33823798597
Dvina,radar_power_rf,0.45,50,10,2,2,19,531,0.0,45,23047.33823798597
Dvina,radar_power_rf,0.45,50,15,2,2,19,531,0.0,45,23047.33823798597
Dvina,radar_power_rf,0.45,50,20,2,2,19,531,0.0,45,23047.33823798597
Dvina,radar_power_rf,0.45,50,30,2,2,19,531,0.0,45,23047.33823798597
Dvina,radar_power_rf,0.45,75,5,2,2,19,531,0.0,45,23047.33823798597
Dvina,radar_power_rf,0.45,75,10,2,2,19,531,0.0,45,23047.33823798597
Dvina,radar_power_rf,0.45,75,15,2,2,19,531,0.0,45,23047.33823798597
Dvina,radar_power_rf,0.45,75,20,2,2,19,531,0.0,45,23047.33823798597
Dvina,radar_power_rf,0.45,75,30,2,2,19,531,0.0,45,23047.33823798597
Dvina,radar_power_rf,0.45,100,5,2,2,19,531,0.0,45,23047.33823798597
Dvina,radar_power_rf,0.45,100,10,2,2,19,531,0.0,45,23047.33823798597
Dvina,radar_power_rf,0.45,100,15,2,2,19,531,0.0,45,23047.33823798597
Dvina,radar_power_rf,0.45,100,20,2,2,19,531,0.0,45,23047.33823798597
Dvina,radar_power_rf,0.45,100,30,2,2,19,531,0.0,45,23047.33823798597
Dvina,radar_power_rf,0.5,25,5,0,0,0,0,0.0,45,23047.33823798597
Dvina,radar_power_rf,0.5,25,10,0,0,0,0,0.0,45,23047.33823798597
Dvina,radar_power_rf,0.5,25,15,0,0,0,0,0.0,45,23047.33823798597
Dvina,radar_power_rf,0.5,25,20,0,0,0,0,0.0,45,23047.33823798597
Dvina,radar_power_rf,0.5,25,30,0,0,0,0,0.0,45,23047.33823798597
Dvina,radar_power_rf,0.5,50,5,0,0,0,0,0.0,45,23047.33823798597
Dvina,radar_power_rf,0.5,50,10,0,0,0,0,0.0,45,23047.33823798597
Dvina,radar_power_rf,0.5,50,15,0,0,0,0,0.0,45,23047.33823798597
Dvina,radar_power_rf,0.5,50,20,0,0,0,0,0.0,45,23047.33823798597
Dvina,radar_power_rf,0.5,50,30,0,0,0,0,0.0,45,23047.33823798597
Dvina,radar_power_rf,0.5,75,5,0,0,0,0,0.0,45,23047.33823798597
Dvina,radar_power_rf,0.5,75,10,0,0,0,0,0.0,45,23047.33823798597
Dvina,radar_power_rf,0.5,75,15,0,0,0,0,0.0,45,23047.33823798597
Dvina,radar_power_rf,0.5,75,20,0,0,0,0,0.0,45,23047.33823798597
Dvina,radar_power_rf,0.5,75,30,0,0,0,0,0.0,45,23047.33823798597
Dvina,radar_power_rf,0.5,100,5,0,0,0,0,0.0,45,23047.33823798597
Dvina,radar_power_rf,0.5,100,10,0,0,0,0,0.0,45,23047.33823798597
Dvina,radar_power_rf,0.5,100,15,0,0,0,0,0.0,45,23047.33823798597
Dvina,radar_power_rf,0.5,100,20,0,0,0,0,0.0,45,23047.33823798597
Dvina,radar_power_rf,0.5,100,30,0,0,0,0,0.0,45,23047.33823798597
Dvina,radar_antenna,0.2,25,5,25,5,5,2560,0.26666666666666666,45,28059.107707813382
Dvina,radar_antenna,0.2,25,10,25,10,8,5037,0.26666666666666666,45,28059.107707813382
Dvina,radar_antenna,0.2,25,15,25,15,9,6126,0.26666666666666666,45,28059.107707813382
Dvina,radar_antenna,0.2,25,20,25,20,32,7480,0.26666666666666666,45,28059.107707813382
Dvina,radar_antenna,0.2,25,30,25,25,83,9253,0.26666666666666666,45,28059.107707813382
Dvina,radar_antenna,0.2,50,5,45,5,3,2560,0.3333333333333333,45,28059.107707813382
Dvina,radar_antenna,0.2,50,10,45,10,7,5120,0.6666666666666666,45,28059.107707813382
Dvina,radar_antenna,0.2,50,15,45,15,8,7680,1.0,45,28059.107707813382
Dvina,radar_antenna,0.2,50,20,45,20,8,9736,1.0,45,28059.107707813382
Dvina,radar_antenna,0.2,50,30,45,30,9,12389,1.0,45,28059.107707813382
Dvina,radar_antenna,0.2,75,5,45,5,3,2560,0.3333333333333333,45,28059.107707813382
Dvina,radar_antenna,0.2,75,10,45,10,7,5120,0.6666666666666666,45,28059.107707813382
Dvina,radar_antenna,0.2,75,15,45,15,8,7680,1.0,45,28059.107707813382
Dvina,radar_antenna,0.2,75,20,45,20,8,9736,1.0,45,28059.107707813382
Dvina,radar_antenna,0.2,75,30,45,30,9,12389,1.0,45,28059.107707813382
Dvina,radar_antenna,0.2,100,5,45,5,3,2560,0.3333333333333333,45,28059.107707813382
Dvina,radar_antenna,0.2,100,10,45,10,7,5120,0.6666666666666666,45,28059.107707813382
Dvina,radar_antenna,0.2,100,15,45,15,8,7680,1.0,45,28059.107707813382
Dvina,radar_antenna,0.2,100,20,45,20,8,9736,1.0,45,28059.107707813382
Dvina,radar_antenna,0.2,100,30,45,30,9,12389,1.0,45,28059.107707813382
Dvina,radar_antenna,0.25,25,5,25,5,5,2560,0.26666666666666666,45,28059.107707813382
Dvina,radar_antenna,0.25,25,10,25,10,8,5037,0.26666666666666666,45,28059.107707813382
Dvina,radar_antenna,0.25,25,15,25,15,9,6126,0.26666666666666666,45,28059.107707813382
Dvina,radar_antenna,0.25,25,20,25,20,32,7480,0.26666666666666666,45,28059.107707813382
Dvina,radar_antenna,0.25,25,30,25,25,83,9253,0.26666666666666666,45,28059.107707813382
Dvina,radar_antenna,0.25,50,5,45,5,3,2560,0.3333333333333333,45,28059.107707813382
Dvina,radar_antenna,0.25,50,10,45,10,7,5120,0.6666666666666666,45,28059.107707813382
Dvina,radar_antenna,0.25,50,15,45,15,8,7680,1.0,45,28059.107707813382
Dvina,radar_antenna,0.25,50,20,45,20,8,9736,1.0,45,28059.107707813382
Dvina,radar_antenna,0.25,50,30,45,30,9,12389,1.0,45,28059.107707813382
Dvina,radar_antenna,0.25,75,5,45,5,3,2560,0.3333333333333333,45,28059.107707813382
Dvina,radar_antenna,0.25,75,10,45,10,7,5120,0.6666666666666666,45,28059.107707813382
Dvina,radar_antenna,0.25,75,15,45,15,8,7680,1.0,45,28059.107707813382
Dvina,radar_antenna,0.25,75,20,45,20,8,9736,1.0,45,28059.107707813382
Dvina,radar_antenna,0.25,75,30,45,30,9,12389,1.0,45,28059.107707813382
Dvina,radar_antenna,0.25,100,5,45,5,3,2560,0.3333333333333333,45,28059.107707813382
Dvina,radar_antenna,0.25,100,10,45,10,7,5120,0.6666666666666666,45,28059.107707813382
Dvina,radar_antenna,0.25,100,15,45,15,8,7680,1.0,45,28059.107707813382
Dvina,radar_antenna,0.25,100,20,45,20,8,9736,1.0,45,28059.107707813382
Dvina,radar_antenna,0.25,100,30,45,30,9,12389,1.0,45,28059.107707813382
Dvina,radar_antenna,0.3,25,5,25,5,5,2560,0.26666666666666666,45,28059.107707813382
Dvina,radar_antenna,0.3,25,10,25,10,8,5037,0.26666666666666666,45,28059.107707813382
Dvina,radar_antenna,0.3,25,15,25,15,9,6126,0.26666666666666666,45,28059.107707813382
Dvina,radar_antenna,0.3,25,20,25,20,32,7480,0.26666666666666666,45,28059.107707813382
Dvina,radar_antenna,0.3,25,30,25,25,83,9253,0.26666666666666666,45,28059.107707813382
Dvina,radar_antenna,0.3,50,5,45,5,3,2560,0.3333333333333333,45,28059.107707813382
Dvina,radar_antenna,0.3,50,10,45,10,7,5120,0.6666666666666666,45,28059.107707813382
Dvina,radar_antenna,0.3,50,15,45,15,8,7680,1.0,45,28059.107707813382
Dvina,radar_antenna,0.3,50,20,45,20,8,9736,1.0,45,28059.107707813382
Dvina,radar_antenna,0.3,50,30,45,30,9,12389,1.0,45,28059.107707813382
Dvina,radar_antenna,0.3,75,5,45,5,3,2560,0.3333333333333333,45,28059.107707813382
Dvina,radar_antenna,0.3,75,10,45,10,7,5120,0.6666666666666666,45,28059.107707813382
Dvina,radar_antenna,0.3,75,15,45,15,8,7680,1.0,45,28059.107707813382
Dvina,radar_antenna,0.3,75,20,45,20,8,9736,1.0,45,28059.107707813382
Dvina,radar_antenna,0.3,75,30,45,30,9,12389,1.0,45,28059.107707813382
Dvina,radar_antenna,0.3,100,5,45,5,3,2560,0.3333333333333333,45,28059.107707813382
Dvina,radar_antenna,0.3,100,10,45,10,7,5120,0.6666666666666666,45,28059.107707813382
Dvina,radar_antenna,0.3,100,15,45,15,8,7680,1.0,45,28059.107707813382
Dvina,radar_antenna,0.3,100,20,45,20,8,9736,1.0,45,28059.107707813382
Dvina,radar_antenna,0.3,100,30,45,30,9,12389,1.0,45,28059.107707813382
Dvina,radar_antenna,0.35,25,5,25,5,5,2560,0.26666666666666666,45,28059.107707813382
Dvina,radar_antenna,0.35,25,10,25,10,8,5037,0.26666666666666666,45,28059.107707813382
Dvina,radar_antenna,0.35,25,15,25,15,9,6126,0.26666666666666666,45,28059.107707813382
Dvina,radar_antenna,0.35,25,20,25,20,32,7480,0.26666666666666666,45,28059.107707813382
Dvina,radar_antenna,0.35,25,30,25,25,83,9253,0.26666666666666666,45,28059.107707813382
Dvina,radar_antenna,0.35,50,5,43,5,3,2560,0.3333333333333333,45,28059.107707813382
Dvina,radar_antenna,0.35,50,10,43,10,7,5120,0.6666666666666666,45,28059.107707813382
Dvina,radar_antenna,0.35,50,15,43,15,8,7680,1.0,45,28059.107707813382
Dvina,radar_antenna,0.35,50,20,43,20,8,9736,1.0,45,28059.107707813382
Dvina,radar_antenna,0.35,50,30,43,30,9,12389,1.0,45,28059.107707813382
Dvina,radar_antenna,0.35,75,5,43,5,3,2560,0.3333333333333333,45,28059.107707813382
Dvina,radar_antenna,0.35,75,10,43,10,7,5120,0.6666666666666666,45,28059.107707813382
Dvina,radar_antenna,0.35,75,15,43,15,8,7680,1.0,45,28059.107707813382
Dvina,radar_antenna,0.35,75,20,43,20,8,9736,1.0,45,28059.107707813382
Dvina,radar_antenna,0.35,75,30,43,30,9,12389,1.0,45,28059.107707813382
Dvina,radar_antenna,0.35,100,5,43,5,3,2560,0.3333333333333333,45,28059.107707813382
Dvina,radar_antenna,0.35,100,10,43,10,7,5120,0.6666666666666666,45,28059.107707813382
Dvina,radar_antenna,0.35,100,15,43,15,8,7680,1.0,45,28059.107707813382
Dvina,radar_antenna,0.35,100,20,43,20,8,9736,1.0,45,28059.107707813382
Dvina,radar_antenna,0.35,100,30,43,30,9,12389,1.0,45,28059.107707813382
Dvina,radar_antenna,0.4,25,5,25,5,5,2560,0.26666666666666666,45,28059.107707813382
Dvina,radar_antenna,0.4,25,10,25,10,8,5037,0.26666666666666666,45,28059.107707813382
Dvina,radar_antenna,0.4,25,15,25,15,9,6126,0.26666666666666666,45,28059.107707813382
Dvina,radar_antenna,0.4,25,20,25,20,32,7480,0.26666666666666666,45,28059.107707813382
Dvina,radar_antenna,0.4,25,30,25,25,83,9253,0.26666666666666666,45,28059.107707813382
Dvina,radar_antenna,0.4,50,5,38,5,3,2560,0.3333333333333333,45,28059.107707813382
Dvina,radar_antenna,0.4,50,10,38,10,7,5120,0.6666666666666666,45,28059.107707813382
Dvina,radar_antenna,0.4,50,15,38,15,8,7680,1.0,45,28059.107707813382
Dvina,radar_antenna,0.4,50,20,38,20,8,9736,1.0,45,28059.107707813382
Dvina,radar_antenna,0.4,50,30,38,30,9,12389,1.0,45,28059.107707813382
Dvina,radar_antenna,0.4,75,5,38,5,3,2560,0.3333333333333333,45,28059.107707813382
Dvina,radar_antenna,0.4,75,10,38,10,7,5120,0.6666666666666666,45,28059.107707813382
Dvina,radar_antenna,0.4,75,15,38,15,8,7680,1.0,45,28059.107707813382
Dvina,radar_antenna,0.4,75,20,38,20,8,9736,1.0,45,28059.107707813382
Dvina,radar_antenna,0.4,75,30,38,30,9,12389,1.0,45,28059.107707813382
Dvina,radar_antenna,0.4,100,5,38,5,3,2560,0.3333333333333333,45,28059.107707813382
Dvina,radar_antenna,0.4,100,10,38,10,7,5120,0.6666666666666666,45,28059.107707813382
Dvina,radar_antenna,0.4,100,15,38,15,8,7680,1.0,45,28059.107707813382
Dvina,radar_antenna,0.4,100,20,38,20,8,9736,1.0,45,28059.107707813382
Dvina,radar_antenna,0.4,100,30,38,30,9,12389,1.0,45,28059.107707813382
Dvina,radar_antenna,0.45,25,5,5,5,24,1801,0.0,45,28059.107707813382
Dvina,radar_antenna,0.45,25,10,5,5,24,1801,0.0,45,28059.107707813382
Dvina,radar_antenna,0.45,25,15,5,5,24,1801,0.0,45,28059.107707813382
Dvina,radar_antenna,0.45,25,20,5,5,24,1801,0.0,45,28059.107707813382
Dvina,radar_antenna,0.45,25,30,5,5,24,1801,0.0,45,28059.107707813382
Dvina,radar_antenna,0.45,50,5,5,5,24,1801,0.0,45,28059.107707813382
Dvina,radar_antenna,0.45,50,10,5,5,24,1801,0.0,45,28059.107707813382
Dvina,radar_antenna,0.45,50,15,5,5,24,1801,0.0,45,28059.107707813382
Dvina,radar_antenna,0.45,50,20,5,5,24,1801,0.0,45,28059.107707813382
Dvina,radar_antenna,0.45,50,30,5,5,24,1801,0.0,45,28059.107707813382
Dvina,radar_antenna,0.45,75,5,5,5,24,1801,0.0,45,28059.107707813382
Dvina,radar_antenna,0.45,75,10,5,5,24,1801,0.0,45,28059.107707813382
Dvina,radar_antenna,0.45,75,15,5,5,24,1801,0.0,45,28059.107707813382
Dvina,radar_antenna,0.45,75,20,5,5,24,1801,0.0,45,28059.107707813382
Dvina,radar_antenna,0.45,75,30,5,5,24,1801,0.0,45,28059.107707813382
Dvina,radar_antenna,0.45,100,5,5,5,24,1801,0.0,45,28059.107707813382
Dvina,radar_antenna,0.45,100,10,5,5,24,1801,0.0,45,28059.107707813382
Dvina,radar_antenna,0.45,100,15,5,5,24,1801,0.0,45,28059.107707813382
Dvina,radar_antenna,0.45,100,20,5,5,24,1801,0.0,45,28059.107707813382
Dvina,radar_antenna,0.45,100,30,5,5,24,1801,0.0,45,28059.107707813382
Dvina,radar_antenna,0.5,25,5,1,1,1,367,0.0,45,28059.107707813382
Dvina,radar_antenna,0.5,25,10,1,1,1,367,0.0,45,28059.107707813382
Dvina,radar_antenna,0.5,25,15,1,1,1,367,0.0,45,28059.107707813382
Dvina,radar_antenna,0.5,25,20,1,1,1,367,0.0,45,28059.107707813382
Dvina,radar_antenna,0.5,25,30,1,1,1,367,0.0,45,28059.107707813382
Dvina,radar_antenna,0.5,50,5,1,1,1,367,0.0,45,28059.107707813382
Dvina,radar_antenna,0.5,50,10,1,1,1,367,0.0,45,28059.107707813382
Dvina,radar_antenna,0.5,50,15,1,1,1,367,0.0,45,28059.107707813382
Dvina,radar_antenna,0.5,50,20,1,1,1,367,0.0,45,28059.107707813382
Dvina,radar_antenna,0.5,50,30,1,1,1,367,0.0,45,28059.107707813382
Dvina,radar_antenna,0.5,75,5,1,1,1,367,0.0,45,28059.107707813382
Dvina,radar_antenna,0.5,75,10,1,1,1,367,0.0,45,28059.107707813382
Dvina,radar_antenna,0.5,75,15,1,1,1,367,0.0,45,28059.107707813382
Dvina,radar_antenna,0.5,75,20,1,1,1,367,0.0,45,28059.107707813382
Dvina,radar_antenna,0.5,75,30,1,1,1,367,0.0,45,28059.107707813382
Dvina,radar_antenna,0.5,100,5,1,1,1,367,0.0,45,28059.107707813382
Dvina,radar_antenna,0.5,100,10,1,1,1,367,0.0,45,28059.107707813382
Dvina,radar_antenna,0.5,100,15,1,1,1,367,0.0,45,28059.107707813382
Dvina,radar_antenna,0.5,100,20,1,1,1,367,0.0,45,28059.107707813382
Dvina,radar_antenna,0.5,100,30,1,1,1,367,0.0,45,28059.107707813382
Dvina,radar_timing,0.2,25,5,25,5,7,1165,0.3333333333333333,45,20387.442899867892
Dvina,radar_timing,0.2,25,10,25,10,11,1865,0.6,45,20387.442899867892
Dvina,radar_timing,0.2,25,15,25,15,39,3877,0.6,45,20387.442899867892
Dvina,radar_timing,0.2,25,20,25,20,59,6150,0.6,45,20387.442899867892
Dvina,radar_timing,0.2,25,30,25,25,93,8335,0.6,45,20387.442899867892
Dvina,radar_timing,0.2,50,5,45,5,9,1591,0.3333333333333333,45,20387.442899867892
Dvina,radar_timing,0.2,50,10,45,10,14,1826,0.6666666666666666,45,20387.442899867892
Dvina,radar_timing,0.2,50,15,45,15,16,4386,1.0,45,20387.442899867892
Dvina,radar_timing,0.2,50,20,45,20,16,6946,1.0,45,20387.442899867892
Dvina,radar_timing,0.2,50,30,45,30,34,11545,1.0,45,20387.442899867892
Dvina,radar_timing,0.2,75,5,45,5,9,1591,0.3333333333333333,45,20387.442899867892
Dvina,radar_timing,0.2,75,10,45,10,14,1826,0.6666666666666666,45,20387.442899867892
Dvina,radar_timing,0.2,75,15,45,15,16,4386,1.0,45,20387.442899867892
Dvina,radar_timing,0.2,75,20,45,20,16,6946,1.0,45,20387.442899867892
Dvina,radar_timing,0.2,75,30,45,30,34,11545,1.0,45,20387.442899867892
Dvina,radar_timing,0.2,100,5,45,5,9,1591,0.3333333333333333,45,20387.442899867892
Dvina,radar_timing,0.2,100,10,45,10,14,1826,0.6666666666666666,45,20387.442899867892
Dvina,radar_timing,0.2,100,15,45,15,16,4386,1.0,45,20387.442899867892
Dvina,radar_timing,0.2,100,20,45,20,16,6946,1.0,45,20387.442899867892
Dvina,radar_timing,0.2,100,30,45,30,34,11545,1.0,45,20387.442899867892
Dvina,radar_timing,0.25,25,5,25,5,7,1165,0.3333333333333333,45,20387.442899867892
Dvina,radar_timing,0.25,25,10,25,10,11,1865,0.6,45,20387.442899867892
Dvina,radar_timing,0.25,25,15,25,15,39,3877,0.6,45,20387.442899867892
Dvina,radar_timing,0.25,25,20,25,20,59,6150,0.6,45,20387.442899867892
Dvina,radar_timing,0.25,25,30,25,25,93,8335,0.6,45,20387.442899867892
Dvina,radar_timing,0.25,50,5,45,5,9,1591,0.3333333333333333,45,20387.442899867892
Dvina,radar_timing,0.25,50,10,45,10,14,1826,0.6666666666666666,45,20387.442899867892
Dvina,radar_timing,0.25,50,15,45,15,16,4386,1.0,45,20387.442899867892
Dvina,radar_timing,0.25,50,20,45,20,16,6946,1.0,45,20387.442899867892
Dvina,radar_timing,0.25,50,30,45,30,34,11545,1.0,45,20387.442899867892
Dvina,radar_timing,0.25,75,5,45,5,9,1591,0.3333333333333333,45,20387.442899867892
Dvina,radar_timing,0.25,75,10,45,10,14,1826,0.6666666666666666,45,20387.442899867892
Dvina,radar_timing,0.25,75,15,45,15,16,4386,1.0,45,20387.442899867892
Dvina,radar_timing,0.25,75,20,45,20,16,6946,1.0,45,20387.442899867892
Dvina,radar_timing,0.25,75,30,45,30,34,11545,1.0,45,20387.442899867892
Dvina,radar_timing,0.25,100,5,45,5,9,1591,0.3333333333333333,45,20387.442899867892
Dvina,radar_timing,0.25,100,10,45,10,14,1826,0.6666666666666666,45,20387.442899867892
Dvina,radar_timing,0.25,100,15,45,15,16,4386,1.0,45,20387.442899867892
Dvina,radar_timing,0.25,100,20,45,20,16,6946,1.0,45,20387.442899867892
Dvina,radar_timing,0.25,100,30,45,30,34,11545,1.0,45,20387.442899867892
Dvina,radar_timing,0.3,25,5,25,5,7,1165,0.3333333333333333,45,20387.442899867892
Dvina,radar_timing,0.3,25,10,25,10,11,1865,0.6,45,20387.442899867892
Dvina,radar_timing,0.3,25,15,25,15,39,3877,0.6,45,20387.442899867892
Dvina,radar_timing,0.3,25,20,25,20,59,6150,0.6,45,20387.442899867892
Dvina,radar_timing,0.3,25,30,25,25,93,8335,0.6,45,20387.442899867892
Dvina,radar_timing,0.3,50,5,45,5,9,1591,0.3333333333333333,45,20387.442899867892
Dvina,radar_timing,0.3,50,10,45,10,14,1826,0.6666666666666666,45,20387.442899867892
Dvina,radar_timing,0.3,50,15,45,15,16,4386,1.0,45,20387.442899867892
Dvina,radar_timing,0.3,50,20,45,20,16,6946,1.0,45,20387.442899867892
Dvina,radar_timing,0.3,50,30,45,30,34,11545,1.0,45,20387.442899867892
Dvina,radar_timing,0.3,75,5,45,5,9,1591,0.3333333333333333,45,20387.442899867892
Dvina,radar_timing,0.3,75,10,45,10,14,1826,0.6666666666666666,45,20387.442899867892
Dvina,radar_timing,0.3,75,15,45,15,16,4386,1.0,45,20387.442899867892
Dvina,radar_timing,0.3,75,20,45,20,16,6946,1.0,45,20387.442899867892
Dvina,radar_timing,0.3,75,30,45,30,34,11545,1.0,45,20387.442899867892
Dvina,radar_timing,0.3,100,5,45,5,9,1591,0.3333333333333333,45,20387.442899867892
Dvina,radar_timing,0.3,100,10,45,10,14,1826,0.6666666666666666,45,20387.442899867892
Dvina,radar_timing,0.3,100,15,45,15,16,4386,1.0,45,20387.442899867892
Dvina,radar_timing,0.3,100,20,45,20,16,6946,1.0,45,20387.442899867892
Dvina,radar_timing,0.3,100,30,45,30,34,11545,1.0,45,20387.442899867892
Dvina,radar_timing,0.35,25,5,25,5,7,1165,0.3333333333333333,45,20387.442899867892
Dvina,radar_timing,0.35,25,10,25,10,11,1865,0.6,45,20387.442899867892
Dvina,radar_timing,0.35,25,15,25,15,39,3877,0.6,45,20387.442899867892
Dvina,radar_timing,0.35,25,20,25,20,59,6150,0.6,45,20387.442899867892
Dvina,radar_timing,0.35,25,30,25,25,93,8335,0.6,45,20387.442899867892
Dvina,radar_timing,0.35,50,5,43,5,9,1591,0.3333333333333333,45,20387.442899867892
Dvina,radar_timing,0.35,50,10,43,10,14,1826,0.6666666666666666,45,20387.442899867892
Dvina,radar_timing,0.35,50,15,43,15,16,4386,1.0,45,20387.442899867892
Dvina,radar_timing,0.35,50,20,43,20,16,6946,1.0,45,20387.442899867892
Dvina,radar_timing,0.35,50,30,43,30,34,11545,1.0,45,20387.442899867892
Dvina,radar_timing,0.35,75,5,43,5,9,1591,0.3333333333333333,45,20387.442899867892
Dvina,radar_timing,0.35,75,10,43,10,14,1826,0.6666666666666666,45,20387.442899867892
Dvina,radar_timing,0.35,75,15,43,15,16,4386,1.0,45,20387.442899867892
Dvina,radar_timing,0.35,75,20,43,20,16,6946,1.0,45,20387.442899867892
Dvina,radar_timing,0.35,75,30,43,30,34,11545,1.0,45,20387.442899867892
Dvina,radar_timing,0.35,100,5,43,5,9,1591,0.3333333333333333,45,20387.442899867892
Dvina,radar_timing,0.35,100,10,43,10,14,1826,0.6666666666666666,45,20387.442899867892
Dvina,radar_timing,0.35,100,15,43,15,16,4386,1.0,45,20387.442899867892
Dvina,radar_timing,0.35,100,20,43,20,16,6946,1.0,45,20387.442899867892
Dvina,radar_timing,0.35,100,30,43,30,34,11545,1.0,45,20387.442899867892
Dvina,radar_timing,0.4,25,5,18,5,7,1165,0.3333333333333333,45,20387.442899867892
Dvina,radar_timing,0.4,25,10,18,10,28,1433,0.6,45,20387.442899867892
Dvina,radar_timing,0.4,25,15,18,15,57,3837,0.6,45,20387.442899867892
Dvina,radar_timing,0.4,25,20,18,18,60,5145,0.6,45,20387.442899867892
Dvina,radar_timing,0.4,25,30,18,18,60,5145,0.6,45,20387.442899867892
Dvina,radar_timing,0.4,50,5,18,5,7,1165,0.3333333333333333,45,20387.442899867892
Dvina,radar_timing,0.4,50,10,18,10,28,1433,0.6,45,20387.442899867892
Dvina,radar_timing,0.4,50,15,18,15,57,3837,0.6,45,20387.442899867892
Dvina,radar_timing,0.4,50,20,18,18,60,5145,0.6,45,20387.442899867892
Dvina,radar_timing,0.4,50,30,18,18,60,5145,0.6,45,20387.442899867892
Dvina,radar_timing,0.4,75,5,18,5,7,1165,0.3333333333333333,45,20387.442899867892
Dvina,radar_timing,0.4,75,10,18,10,28,1433,0.6,45,20387.442899867892
Dvina,radar_timing,0.4,75,15,18,15,57,3837,0.6,45,20387.442899867892
Dvina,radar_timing,0.4,75,20,18,18,60,5145,0.6,45,20387.442899867892
Dvina,radar_timing,0.4,75,30,18,18,60,5145,0.6,45,20387.442899867892
Dvina,radar_timing,0.4,100,5,18,5,7,1165,0.3333333333333333,45,20387.442899867892
Dvina,radar_timing,0.4,100,10,18,10,28,1433,0.6,45,20387.442899867892
Dvina,radar_timing,0.4,100,15,18,15,57,3837,0.6,45,20387.442899867892
Dvina,radar_timing,0.4,100,20,18,18,60,5145,0.6,45,20387.442899867892
Dvina,radar_timing,0.4,100,30,18,18,60,5145,0.6,45,20387.442899867892
Dvina,radar_timing,0.45,25,5,1,1,2,451,0.0,45,20387.442899867892
Dvina,radar_timing,0.45,25,10,1,1,2,451,0.0,45,20387.442899867892
Dvina,radar_timing,0.45,25,15,1,1,2,451,0.0,45,20387.442899867892
Dvina,radar_timing,0.45,25,20,1,1,2,451,0.0,45,20387.442899867892
Dvina,radar_timing,0.45,25,30,1,1,2,451,0.0,45,20387.442899867892
Dvina,radar_timing,0.45,50,5,1,1,2,451,0.0,45,20387.442899867892
Dvina,radar_timing,0.45,50,10,1,1,2,451,0.0,45,20387.442899867892
Dvina,radar_timing,0.45,50,15,1,1,2,451,0.0,45,20387.442899867892
Dvina,radar_timing,0.45,50,20,1,1,2,451,0.0,45,20387.442899867892
Dvina,radar_timing,0.45,50,30,1,1,2,451,0.0,45,20387.442899867892
Dvina,radar_timing,0.45,75,5,1,1,2,451,0.0,45,20387.442899867892
Dvina,radar_timing,0.45,75,10,1,1,2,451,0.0,45,20387.442899867892
Dvina,radar_timing,0.45,75,15,1,1,2,451,0.0,45,20387.442899867892
Dvina,radar_timing,0.45,75,20,1,1,2,451,0.0,45,20387.442899867892
Dvina,radar_timing,0.45,75,30,1,1,2,451,0.0,45,20387.442899867892
Dvina,radar_timing,0.45,100,5,1,1,2,451,0.0,45,20387.442899867892
Dvina,radar_timing,0.45,100,10,1,1,2,451,0.0,45,20387.442899867892
Dvina,radar_timing,0.45,100,15,1,1,2,451,0.0,45,20387.442899867892
Dvina,radar_timing,0.45,100,20,1,1,2,451,0.0,45,20387.442899867892
Dvina,radar_timing,0.45,100,30,1,1,2,451,0.0,45,20387.442899867892
Dvina,radar_timing,0.5,25,5,0,0,0,0,0.0,45,20387.442899867892
Dvina,radar_timing,0.5,25,10,0,0,0,0,0.0,45,20387.442899867892
Dvina,radar_timing,0.5,25,15,0,0,0,0,0.0,45,20387.442899867892
Dvina,radar_timing,0.5,25,20,0,0,0,0,0.0,45,20387.442899867892
Dvina,radar_timing,0.5,25,30,0,0,0,0,0.0,45,20387.442899867892
Dvina,radar_timing,0.5,50,5,0,0,0,0,0.0,45,20387.442899867892
Dvina,radar_timing,0.5,50,10,0,0,0,0,0.0,45,20387.442899867892
Dvina,radar_timing,0.5,50,15,0,0,0,0,0.0,45,20387.442899867892
Dvina,radar_timing,0.5,50,20,0,0,0,0,0.0,45,20387.442899867892
Dvina,radar_timing,0.5,50,30,0,0,0,0,0.0,45,20387.442899867892
Dvina,radar_timing,0.5,75,5,0,0,0,0,0.0,45,20387.442899867892
Dvina,radar_timing,0.5,75,10,0,0,0,0,0.0,45,20387.442899867892
Dvina,radar_timing,0.5,75,15,0,0,0,0,0.0,45,20387.442899867892
Dvina,radar_timing,0.5,75,20,0,0,0,0,0.0,45,20387.442899867892
Dvina,radar_timing,0.5,75,30,0,0,0,0,0.0,45,20387.442899867892
Dvina,radar_timing,0.5,100,5,0,0,0,0,0.0,45,20387.442899867892
Dvina,radar_timing,0.5,100,10,0,0,0,0,0.0,45,20387.442899867892
Dvina,radar_timing,0.5,100,15,0,0,0,0,0.0,45,20387.442899867892
Dvina,radar_timing,0.5,100,20,0,0,0,0,0.0,45,20387.442899867892
Dvina,radar_timing,0.5,100,30,0,0,0,0,0.0,45,20387.442899867892
Dvina,radar_modulation,0.2,25,5,25,5,7,2461,0.3333333333333333,45,29313.26306052506
Dvina,radar_modulation,0.2,25,10,25,10,8,4530,0.4666666666666667,45,29313.26306052506
Dvina,radar_modulation,0.2,25,15,25,15,33,6152,0.4666666666666667,45,29313.26306052506
Dvina,radar_modulation,0.2,25,20,25,20,33,6387,0.4666666666666667,45,29313.26306052506
Dvina,radar_modulation,0.2,25,30,25,25,68,8447,0.4666666666666667,45,29313.26306052506
Dvina,radar_modulation,0.2,50,5,45,5,23,2403,0.3333333333333333,45,29313.26306052506
Dvina,radar_modulation,0.2,50,10,45,10,28,4873,0.6666666666666666,45,29313.26306052506
Dvina,radar_modulation,0.2,50,15,45,15,28,7433,1.0,45,29313.26306052506
Dvina,radar_modulation,0.2,50,20,45,20,41,9967,1.0,45,29313.26306052506
Dvina,radar_modulation,0.2,50,30,45,30,53,14322,1.0,45,29313.26306052506
Dvina,radar_modulation,0.2,75,5,45,5,23,2403,0.3333333333333333,45,29313.26306052506
Dvina,radar_modulation,0.2,75,10,45,10,28,4873,0.6666666666666666,45,29313.26306052506
Dvina,radar_modulation,0.2,75,15,45,15,28,7433,1.0,45,29313.26306052506
Dvina,radar_modulation,0.2,75,20,45,20,41,9967,1.0,45,29313.26306052506
Dvina,radar_modulation,0.2,75,30,45,30,53,14322,1.0,45,29313.26306052506
Dvina,radar_modulation,0.2,100,5,45,5,23,2403,0.3333333333333333,45,29313.26306052506
Dvina,radar_modulation,0.2,100,10,45,10,28,4873,0.6666666666666666,45,29313.26306052506
Dvina,radar_modulation,0.2,100,15,45,15,28,7433,1.0,45,29313.26306052506
Dvina,radar_modulation,0.2,100,20,45,20,41,9967,1.0,45,29313.26306052506
Dvina,radar_modulation,0.2,100,30,45,30,53,14322,1.0,45,29313.26306052506
Dvina,radar_modulation,0.25,25,5,25,5,7,2461,0.3333333333333333,45,29313.26306052506
Dvina,radar_modulation,0.25,25,10,25,10,8,4530,0.4666666666666667,45,29313.26306052506
Dvina,radar_modulation,0.25,25,15,25,15,33,6152,0.4666666666666667,45,29313.26306052506
Dvina,radar_modulation,0.25,25,20,25,20,33,6387,0.4666666666666667,45,29313.26306052506
Dvina,radar_modulation,0.25,25,30,25,25,68,8447,0.4666666666666667,45,29313.26306052506
Dvina,radar_modulation,0.25,50,5,45,5,23,2403,0.3333333333333333,45,29313.26306052506
Dvina,radar_modulation,0.25,50,10,45,10,28,4873,0.6666666666666666,45,29313.26306052506
Dvina,radar_modulation,0.25,50,15,45,15,28,7433,1.0,45,29313.26306052506
Dvina,radar_modulation,0.25,50,20,45,20,41,9967,1.0,45,29313.26306052506
Dvina,radar_modulation,0.25,50,30,45,30,53,14322,1.0,45,29313.26306052506
Dvina,radar_modulation,0.25,75,5,45,5,23,2403,0.3333333333333333,45,29313.26306052506
Dvina,radar_modulation,0.25,75,10,45,10,28,4873,0.6666666666666666,45,29313.26306052506
Dvina,radar_modulation,0.25,75,15,45,15,28,7433,1.0,45,29313.26306052506
Dvina,radar_modulation,0.25,75,20,45,20,41,9967,1.0,45,29313.26306052506
Dvina,radar_modulation,0.25,75,30,45,30,53,14322,1.0,45,29313.26306052506
Dvina,radar_modulation,0.25,100,5,45,5,23,2403,0.3333333333333333,45,29313.26306052506
Dvina,radar_modulation,0.25,100,10,45,10,28,4873,0.6666666666666666,45,29313.26306052506
Dvina,radar_modulation,0.25,100,15,45,15,28,7433,1.0,45,29313.26306052506
Dvina,radar_modulation,0.25,100,20,45,20,41,9967,1.0,45,29313.26306052506
Dvina,radar_modulation,0.25,100,30,45,30,53,14322,1.0,45,29313.26306052506
Dvina,radar_modulation,0.3,25,5,25,5,7,2461,0.3333333333333333,45,29313.26306052506
Dvina,radar_modulation,0.3,25,10,25,10,8,4530,0.4666666666666667,45,29313.26306052506
Dvina,radar_modulation,0.3,25,15,25,15,33,6152,0.4666666666666667,45,29313.26306052506
Dvina,radar_modulation,0.3,25,20,25,20,33,6387,0.4666666666666667,45,29313.26306052506
Dvina,radar_modulation,0.3,25,30,25,25,68,8447,0.4666666666666667,45,29313.26306052506
Dvina,radar_modulation,0.3,50,5,45,5,23,2403,0.3333333333333333,45,29313.26306052506
Dvina,radar_modulation,0.3,50,10,45,10,28,4873,0.6666666666666666,45,29313.26306052506
Dvina,radar_modulation,0.3,50,15,45,15,28,7433,1.0,45,29313.26306052506
Dvina,radar_modulation,0.3,50,20,45,20,41,9967,1.0,45,29313.26306052506
Dvina,radar_modulation,0.3,50,30,45,30,53,14322,1.0,45,29313.26306052506
Dvina,radar_modulation,0.3,75,5,45,5,23,2403,0.3333333333333333,45,29313.26306052506
Dvina,radar_modulation,0.3,75,10,45,10,28,4873,0.6666666666666666,45,29313.26306052506
Dvina,radar_modulation,0.3,75,15,45,15,28,7433,1.0,45,29313.26306052506
Dvina,radar_modulation,0.3,75,20,45,20,41,9967,1.0,45,29313.26306052506
Dvina,radar_modulation,0.3,75,30,45,30,53,14322,1.0,45,29313.26306052506
Dvina,radar_modulation,0.3,100,5,45,5,23,2403,0.3333333333333333,45,29313.26306052506
Dvina,radar_modulation,0.3,100,10,45,10,28,4873,0.6666666666666666,45,29313.26306052506
Dvina,radar_modulation,0.3,100,15,45,15,28,7433,1.0,45,29313.26306052506
Dvina,radar_modulation,0.3,100,20,45,20,41,9967,1.0,45,29313.26306052506
Dvina,radar_modulation,0.3,100,30,45,30,53,14322,1.0,45,29313.26306052506
Dvina,radar_modulation,0.35,25,5,25,5,7,2461,0.3333333333333333,45,29313.26306052506
Dvina,radar_modulation,0.35,25,10,25,10,8,4530,0.4666666666666667,45,29313.26306052506
Dvina,radar_modulation,0.35,25,15,25,15,33,6152,0.4666666666666667,45,29313.26306052506
Dvina,radar_modulation,0.35,25,20,25,20,33,6387,0.4666666666666667,45,29313.26306052506
Dvina,radar_modulation,0.35,25,30,25,25,68,8447,0.4666666666666667,45,29313.26306052506
Dvina,radar_modulation,0.35,50,5,43,5,23,2403,0.3333333333333333,45,29313.26306052506
Dvina,radar_modulation,0.35,50,10,43,10,28,4873,0.6666666666666666,45,29313.26306052506
Dvina,radar_modulation,0.35,50,15,43,15,28,7433,1.0,45,29313.26306052506
Dvina,radar_modulation,0.35,50,20,43,20,28,9973,1.0,45,29313.26306052506
Dvina,radar_modulation,0.35,50,30,43,30,43,14289,1.0,45,29313.26306052506
Dvina,radar_modulation,0.35,75,5,43,5,23,2403,0.3333333333333333,45,29313.26306052506
Dvina,radar_modulation,0.35,75,10,43,10,28,4873,0.6666666666666666,45,29313.26306052506
Dvina,radar_modulation,0.35,75,15,43,15,28,7433,1.0,45,29313.26306052506
Dvina,radar_modulation,0.35,75,20,43,20,28,9973,1.0,45,29313.26306052506
Dvina,radar_modulation,0.35,75,30,43,30,43,14289,1.0,45,29313.26306052506
Dvina,radar_modulation,0.35,100,5,43,5,23,2403,0.3333333333333333,45,29313.26306052506
Dvina,radar_modulation,0.35,100,10,43,10,28,4873,0.6666666666666666,45,29313.26306052506
Dvina,radar_modulation,0.35,100,15,43,15,28,7433,1.0,45,29313.26306052506
Dvina,radar_modulation,0.35,100,20,43,20,28,9973,1.0,45,29313.26306052506
Dvina,radar_modulation,0.35,100,30,43,30,43,14289,1.0,45,29313.26306052506
Dvina,radar_modulation,0.4,25,5,18,5,7,2026,0.2,45,29313.26306052506
Dvina,radar_modulation,0.4,25,10,18,10,29,3258,0.2,45,29313.26306052506
Dvina,radar_modulation,0.4,25,15,18,15,30,3813,0.2,45,29313.26306052506
Dvina,radar_modulation,0.4,25,20,18,18,37,5092,0.2,45,29313.26306052506
Dvina,radar_modulation,0.4,25,30,18,18,37,5092,0.2,45,29313.26306052506
Dvina,radar_modulation,0.4,50,5,18,5,7,2026,0.2,45,29313.26306052506
Dvina,radar_modulation,0.4,50,10,18,10,29,3258,0.2,45,29313.26306052506
Dvina,radar_modulation,0.4,50,15,18,15,30,3813,0.2,45,29313.26306052506
Dvina,radar_modulation,0.4,50,20,18,18,37,5092,0.2,45,29313.26306052506
Dvina,radar_modulation,0.4,50,30,18,18,37,5092,0.2,45,29313.26306052506
Dvina,radar_modulation,0.4,75,5,18,5,7,2026,0.2,45,29313.26306052506
Dvina,radar_modulation,0.4,75,10,18,10,29,3258,0.2,45,29313.26306052506
Dvina,radar_modulation,0.4,75,15,18,15,30,3813,0.2,45,29313.26306052506
Dvina,radar_modulation,0.4,75,20,18,18,37,5092,0.2,45,29313.26306052506
Dvina,radar_modulation,0.4,75,30,18,18,37,5092,0.2,45,29313.26306052506
Dvina,radar_modulation,0.4,100,5,18,5,7,2026,0.2,45,29313.26306052506
Dvina,radar_modulation,0.4,100,10,18,10,29,3258,0.2,45,29313.26306052506
Dvina,radar_modulation,0.4,100,15,18,15,30,3813,0.2,45,29313.26306052506
Dvina,radar_modulation,0.4,100,20,18,18,37,5092,0.2,45,29313.26306052506
Dvina,radar_modulation,0.4,100,30,18,18,37,5092,0.2,45,29313.26306052506
Dvina,radar_modulation,0.45,25,5,0,0,0,0,0.0,45,29313.26306052506
Dvina,radar_modulation,0.45,25,10,0,0,0,0,0.0,45,29313.26306052506
Dvina,radar_modulation,0.45,25,15,0,0,0,0,0.0,45,29313.26306052506
Dvina,radar_modulation,0.45,25,20,0,0,0,0,0.0,45,29313.26306052506
Dvina,radar_modulation,0.45,25,30,0,0,0,0,0.0,45,29313.26306052506
Dvina,radar_modulation,0.45,50,5,0,0,0,0,0.0,45,29313.26306052506
Dvina,radar_modulation,0.45,50,10,0,0,0,0,0.0,45,29313.26306052506
Dvina,radar_modulation,0.45,50,15,0,0,0,0,0.0,45,29313.26306052506
Dvina,radar_modulation,0.45,50,20,0,0,0,0,0.0,45,29313.26306052506
Dvina,radar_modulation,0.45,50,30,0,0,0,0,0.0,45,29313.26306052506
Dvina,radar_modulation,0.45,75,5,0,0,0,0,0.0,45,29313.26306052506
Dvina,radar_modulation,0.45,75,10,0,0,0,0,0.0,45,29313.26306052506
Dvina,radar_modulation,0.45,75,15,0,0,0,0,0.0,45,29313.26306052506
Dvina,radar_modulation,0.45,75,20,0,0,0,0,0.0,45,29313.26306052506
Dvina,radar_modulation,0.45,75,30,0,0,0,0,0.0,45,29313.26306052506
Dvina,radar_modulation,0.45,100,5,0,0,0,0,0.0,45,29313.26306052506
Dvina,radar_modulation,0.45,100,10,0,0,0,0,0.0,45,29313.26306052506
Dvina,radar_modulation,0.45,100,15,0,0,0,0,0.0,45,29313.26306052506
Dvina,radar_modulation,0.45,100,20,0,0,0,0,0.0,45,29313.26306052506
Dvina,radar_modulation,0.45,100,30,0,0,0,0,0.0,45,29313.26306052506
Dvina,radar_modulation,0.5,25,5,0,0,0,0,0.0,45,29313.26306052506
Dvina,radar_modulation,0.5,25,10,0,0,0,0,0.0,45,29313.26306052506
Dvina,radar_modulation,0.5,25,15,0,0,0,0,0.0,45,29313.26306052506
Dvina,radar_modulation,0.5,25,20,0,0,0,0,0.0,45,29313.26306052506
Dvina,radar_modulation,0.5,25,30,0,0,0,0,0.0,45,29313.26306052506
Dvina,radar_modulation,0.5,50,5,0,0,0,0,0.0,45,29313.26306052506
Dvina,radar_modulation,0.5,50,10,0,0,0,0,0.0,45,29313.26306052506
Dvina,radar_modulation,0.5,50,15,0,0,0,0,0.0,45,29313.26306052506
Dvina,radar_modulation,0.5,50,20,0,0,0,0,0.0,45,29313.26306052506
Dvina,radar_modulation,0.5,50,30,0,0,0,0,0.0,45,29313.26306052506
Dvina,radar_modulation,0.5,75,5,0,0,0,0,0.0,45,29313.26306052506
Dvina,radar_modulation,0.5,75,10,0,0,0,0,0.0,45,29313.26306052506
Dvina,radar_modulation,0.5,75,15,0,0,0,0,0.0,45,29313.26306052506
Dvina,radar_modulation,0.5,75,20,0,0,0,0,0.0,45,29313.26306052506
Dvina,radar_modulation,0.5,75,30,0,0,0,0,0.0,45,29313.26306052506
Dvina,radar_modulation,0.5,100,5,0,0,0,0,0.0,45,29313.26306052506
Dvina,radar_modulation,0.5,100,10,0,0,0,0,0.0,45,29313.26306052506
Dvina,radar_modulation,0.5,100,15,0,0,0,0,0.0,45,29313.26306052506
Dvina,radar_modulation,0.5,100,20,0,0,0,0,0.0,45,29313.26306052506
Dvina,radar_modulation,0.5,100,30,0,0,0,0,0.0,45,29313.26306052506
Dvina,missile_kinematics,0.2,25,5,25,5,26,1578,0.0,45,21845.24142742157
Dvina,missile_kinematics,0.2,25,10,25,10,51,3511,0.0,45,21845.24142742157
Dvina,missile_kinematics,0.2,25,15,25,15,55,5091,0.0,45,21845.24142742157
Dvina,missile_kinematics,0.2,25,20,25,20,59,6050,0.0,45,21845.24142742157
Dvina,missile_kinematics,0.2,25,30,25,25,113,8239,0.0,45,21845.24142742157
Dvina,missile_kinematics,0.2,50,5,45,5,3,2560,0.3333333333333333,45,21845.24142742157
Dvina,missile_kinematics,0.2,50,10,45,10,7,5120,0.6666666666666666,45,21845.24142742157
Dvina,missile_kinematics,0.2,50,15,45,15,8,7680,1.0,45,21845.24142742157
Dvina,missile_kinematics,0.2,50,20,45,20,31,9333,1.0,45,21845.24142742157
Dvina,missile_kinematics,0.2,50,30,45,30,57,13645,1.0,45,21845.24142742157
Dvina,missile_kinematics,0.2,75,5,45,5,3,2560,0.3333333333333333,45,21845.24142742157
Dvina,missile_kinematics,0.2,75,10,45,10,7,5120,0.6666666666666666,45,21845.24142742157
Dvina,missile_kinematics,0.2,75,15,45,15,8,7680,1.0,45,21845.24142742157
Dvina,missile_kinematics,0.2,75,20,45,20,31,9333,1.0,45,21845.24142742157
Dvina,missile_kinematics,0.2,75,30,45,30,57,13645,1.0,45,21845.24142742157
Dvina,missile_kinematics,0.2,100,5,45,5,3,2560,0.3333333333333333,45,21845.24142742157
Dvina,missile_kinematics,0.2,100,10,45,10,7,5120,0.6666666666666666,45,21845.24142742157
Dvina,missile_kinematics,0.2,100,15,45,15,8,7680,1.0,45,21845.24142742157
Dvina,missile_kinematics,0.2,100,20,45,20,31,9333,1.0,45,21845.24142742157
Dvina,missile_kinematics,0.2,100,30,45,30,57,13645,1.0,45,21845.24142742157
Dvina,missile_kinematics,0.25,25,5,25,5,26,1578,0.0,45,21845.24142742157
Dvina,missile_kinematics,0.25,25,10,25,10,51,3511,0.0,45,21845.24142742157
Dvina,missile_kinematics,0.25,25,15,25,15,55,5091,0.0,45,21845.24142742157
Dvina,missile_kinematics,0.25,25,20,25,20,59,6050,0.0,45,21845.24142742157
Dvina,missile_kinematics,0.25,25,30,25,25,113,8239,0.0,45,21845.24142742157
Dvina,missile_kinematics,0.25,50,5,45,5,3,2560,0.3333333333333333,45,21845.24142742157
Dvina,missile_kinematics,0.25,50,10,45,10,7,5120,0.6666666666666666,45,21845.24142742157
Dvina,missile_kinematics,0.25,50,15,45,15,8,7680,1.0,45,21845.24142742157
Dvina,missile_kinematics,0.25,50,20,45,20,31,9333,1.0,45,21845.24142742157
Dvina,missile_kinematics,0.25,50,30,45,30,57,13645,1.0,45,21845.24142742157
Dvina,missile_kinematics,0.25,75,5,45,5,3,2560,0.3333333333333333,45,21845.24142742157
Dvina,missile_kinematics,0.25,75,10,45,10,7,5120,0.6666666666666666,45,21845.24142742157
Dvina,missile_kinematics,0.25,75,15,45,15,8,7680,1.0,45,21845.24142742157
Dvina,missile_kinematics,0.25,75,20,45,20,31,9333,1.0,45,21845.24142742157
Dvina,missile_kinematics,0.25,75,30,45,30,57,13645,1.0,45,21845.24142742157
Dvina,missile_kinematics,0.25,100,5,45,5,3,2560,0.3333333333333333,45,21845.24142742157
Dvina,missile_kinematics,0.25,100,10,45,10,7,5120,0.6666666666666666,45,21845.24142742157
Dvina,missile_kinematics,0.25,100,15,45,15,8,7680,1.0,45,21845.24142742157
Dvina,missile_kinematics,0.25,100,20,45,20,31,9333,1.0,45,21845.24142742157
Dvina,missile_kinematics,0.25,100,30,45,30,57,13645,1.0,45,21845.24142742157
Dvina,missile_kinematics,0.3,25,5,25,5,26,1578,0.0,45,21845.24142742157
Dvina,missile_kinematics,0.3,25,10,25,10,51,3511,0.0,45,21845.24142742157
Dvina,missile_kinematics,0.3,25,15,25,15,55,5091,0.0,45,21845.24142742157
Dvina,missile_kinematics,0.3,25,20,25,20,59,6050,0.0,45,21845.24142742157
Dvina,missile_kinematics,0.3,25,30,25,25,113,8239,0.0,45,21845.24142742157
Dvina,missile_kinematics,0.3,50,5,45,5,3,2560,0.3333333333333333,45,21845.24142742157
Dvina,missile_kinematics,0.3,50,10,45,10,7,5120,0.6666666666666666,45,21845.24142742157
Dvina,missile_kinematics,0.3,50,15,45,15,8,7680,1.0,45,21845.24142742157
Dvina,missile_kinematics,0.3,50,20,45,20,31,9333,1.0,45,21845.24142742157
Dvina,missile_kinematics,0.3,50,30,45,30,57,13645,1.0,45,21845.24142742157
Dvina,missile_kinematics,0.3,75,5,45,5,3,2560,0.3333333333333333,45,21845.24142742157
Dvina,missile_kinematics,0.3,75,10,45,10,7,5120,0.6666666666666666,45,21845.24142742157
Dvina,missile_kinematics,0.3,75,15,45,15,8,7680,1.0,45,21845.24142742157
Dvina,missile_kinematics,0.3,75,20,45,20,31,9333,1.0,45,21845.24142742157
Dvina,missile_kinematics,0.3,75,30,45,30,57,13645,1.0,45,21845.24142742157
Dvina,missile_kinematics,0.3,100,5,45,5,3,2560,0.3333333333333333,45,21845.24142742157
Dvina,missile_kinematics,0.3,100,10,45,10,7,5120,0.6666666666666666,45,21845.24142742157
Dvina,missile_kinematics,0.3,100,15,45,15,8,7680,1.0,45,21845.24142742157
Dvina,missile_kinematics,0.3,100,20,45,20,31,9333,1.0,45,21845.24142742157
Dvina,missile_kinematics,0.3,100,30,45,30,57,13645,1.0,45,21845.24142742157
Dvina,missile_kinematics,0.35,25,5,22,5,24,1190,0.0,45,21845.24142742157
Dvina,missile_kinematics,0.35,25,10,22,10,50,3580,0.0,45,21845.24142742157
Dvina,missile_kinematics,0.35,25,15,22,15,53,3815,0.0,45,21845.24142742157
Dvina,missile_kinematics,0.35,25,20,22,20,75,5923,0.0,45,21845.24142742157
Dvina,missile_kinematics,0.35,25,30,22,22,110,6822,0.0,45,21845.24142742157
Dvina,missile_kinematics,0.35,50,5,22,5,24,1190,0.0,45,21845.24142742157
Dvina,missile_kinematics,0.35,50,10,22,10,50,3580,0.0,45,21845.24142742157
Dvina,missile_kinematics,0.35,50,15,22,15,53,3815,0.0,45,21845.24142742157
Dvina,missile_kinematics,0.35,50,20,22,20,75,5923,0.0,45,21845.24142742157
Dvina,missile_kinematics,0.35,50,30,22,22,110,6822,0.0,45,21845.24142742157
Dvina,missile_kinematics,0.35,75,5,22,5,24,1190,0.0,45,21845.24142742157
Dvina,missile_kinematics,0.35,75,10,22,10,50,3580,0.0,45,21845.24142742157
Dvina,missile_kinematics,0.35,75,15,22,15,53,3815,0.0,45,21845.24142742157
Dvina,missile_kinematics,0.35,75,20,22,20,75,5923,0.0,45,21845.24142742157
Dvina,missile_kinematics,0.35,75,30,22,22,110,6822,0.0,45,21845.24142742157
Dvina,missile_kinematics,0.35,100,5,22,5,24,1190,0.0,45,21845.24142742157
Dvina,missile_kinematics,0.35,100,10,22,10,50,3580,0.0,45,21845.24142742157
Dvina,missile_kinematics,0.35,100,15,22,15,53,3815,0.0,45,21845.24142742157
Dvina,missile_kinematics,0.35,100,20,22,20,75,5923,0.0,45,21845.24142742157
Dvina,missile_kinematics,0.35,100,30,22,22,110,6822,0.0,45,21845.24142742157
Dvina,missile_kinematics,0.4,25,5,7,5,35,1838,0.0,45,21845.24142742157
Dvina,missile_kinematics,0.4,25,10,7,7,63,2651,0.0,45,21845.24142742157
Dvina,missile_kinematics,0.4,25,15,7,7,63,2651,0.0,45,21845.24142742157
Dvina,missile_kinematics,0.4,25,20,7,7,63,2651,0.0,45,21845.24142742157
Dvina,missile_kinematics,0.4,25,30,7,7,63,2651,0.0,45,21845.24142742157
Dvina,missile_kinematics,0.4,50,5,7,5,35,1838,0.0,45,21845.24142742157
Dvina,missile_kinematics,0.4,50,10,7,7,63,2651,0.0,45,21845.24142742157
Dvina,missile_kinematics,0.4,50,15,7,7,63,2651,0.0,45,21845.24142742157
Dvina,missile_kinematics,0.4,50,20,7,7,63,2651,0.0,45,21845.24142742157
Dvina,missile_kinematics,0.4,50,30,7,7,63,2651,0.0,45,21845.24142742157
Dvina,missile_kinematics,0.4,75,5,7,5,35,1838,0.0,45,21845.24142742157
Dvina,missile_kinematics,0.4,75,10,7,7,63,2651,0.0,45,21845.24142742157
Dvina,missile_kinematics,0.4,75,15,7,7,63,2651,0.0,45,21845.24142742157
Dvina,missile_kinematics,0.4,75,20,7,7,63,2651,0.0,45,21845.24142742157
Dvina,missile_kinematics,0.4,75,30,7,7,63,2651,0.0,45,21845.24142742157
Dvina,missile_kinematics,0.4,100,5,7,5,35,1838,0.0,45,21845.24142742157
Dvina,missile_kinematics,0.4,100,10,7,7,63,2651,0.0,45,21845.24142742157
Dvina,missile_kinematics,0.4,100,15,7,7,63,2651,0.0,45,21845.24142742157
Dvina,missile_kinematics,0.4,100,20,7,7,63,2651,0.0,45,21845.24142742157
Dvina,missile_kinematics,0.4,100,30,7,7,63,2651,0.0,45,21845.24142742157
Dvina,missile_kinematics,0.45,25,5,4,4,24,1359,0.0,45,21845.24142742157
Dvina,missile_kinematics,0.45,25,10,4,4,24,1359,0.0,45,21845.24142742157
Dvina,missile_kinematics,0.45,25,15,4,4,24,1359,0.0,45,21845.24142742157
Dvina,missile_kinematics,0.45,25,20,4,4,24,1359,0.0,45,21845.24142742157
Dvina,missile_kinematics,0.45,25,30,4,4,24,1359,0.0,45,21845.24142742157
Dvina,missile_kinematics,0.45,50,5,4,4,24,1359,0.0,45,21845.24142742157
Dvina,missile_kinematics,0.45,50,10,4,4,24,1359,0.0,45,21845.24142742157
Dvina,missile_kinematics,0.45,50,15,4,4,24,1359,0.0,45,21845.24142742157
Dvina,missile_kinematics,0.45,50,20,4,4,24,1359,0.0,45,21845.24142742157
Dvina,missile_kinematics,0.45,50,30,4,4,24,1359,0.0,45,21845.24142742157
Dvina,missile_kinematics,0.45,75,5,4,4,24,1359,0.0,45,21845.24142742157
Dvina,missile_kinematics,0.45,75,10,4,4,24,1359,0.0,45,21845.24142742157
Dvina,missile_kinematics,0.45,75,15,4,4,24,1359,0.0,45,21845.24142742157
Dvina,missile_kinematics,0.45,75,20,4,4,24,1359,0.0,45,21845.24142742157
Dvina,missile_kinematics,0.45,75,30,4,4,24,1359,0.0,45,21845.24142742157
Dvina,missile_kinematics,0.45,100,5,4,4,24,1359,0.0,45,21845.24142742157
Dvina,missile_kinematics,0.45,100,10,4,4,24,1359,0.0,45,21845.24142742157
Dvina,missile_kinematics,0.45,100,15,4,4,24,1359,0.0,45,21845.24142742157
Dvina,missile_kinematics,0.45,100,20,4,4,24,1359,0.0,45,21845.24142742157
Dvina,missile_kinematics,0.45,100,30,4,4,24,1359,0.0,45,21845.24142742157
Dvina,missile_kinematics,0.5,25,5,1,1,17,80,0.0,45,21845.24142742157
Dvina,missile_kinematics,0.5,25,10,1,1,17,80,0.0,45,21845.24142742157
Dvina,missile_kinematics,0.5,25,15,1,1,17,80,0.0,45,21845.24142742157
Dvina,missile_kinematics,0.5,25,20,1,1,17,80,0.0,45,21845.24142742157
Dvina,missile_kinematics,0.5,25,30,1,1,17,80,0.0,45,21845.24142742157
Dvina,missile_kinematics,0.5,50,5,1,1,17,80,0.0,45,21845.24142742157
Dvina,missile_kinematics,0.5,50,10,1,1,17,80,0.0,45,21845.24142742157
Dvina,missile_kinematics,0.5,50,15,1,1,17,80,0.0,45,21845.24142742157
Dvina,missile_kinematics,0.5,50,20,1,1,17,80,0.0,45,21845.24142742157
Dvina,missile_kinematics,0.5,50,30,1,1,17,80,0.0,45,21845.24142742157
Dvina,missile_kinematics,0.5,75,5,1,1,17,80,0.0,45,21845.24142742157
Dvina,missile_kinematics,0.5,75,10,1,1,17,80,0.0,45,21845.24142742157
Dvina,missile_kinematics,0.5,75,15,1,1,17,80,0.0,45,21845.24142742157
Dvina,missile_kinematics,0.5,75,20,1,1,17,80,0.0,45,21845.24142742157
Dvina,missile_kinematics,0.5,75,30,1,1,17,80,0.0,45,21845.24142742157
Dvina,missile_kinematics,0.5,100,5,1,1,17,80,0.0,45,21845.24142742157
Dvina,missile_kinematics,0.5,100,10,1,1,17,80,0.0,45,21845.24142742157
Dvina,missile_kinematics,0.5,100,15,1,1,17,80,0.0,45,21845.24142742157
Dvina,missile_kinematics,0.5,100,20,1,1,17,80,0.0,45,21845.24142742157
Dvina,missile_kinematics,0.5,100,30,1,1,17,80,0.0,45,21845.24142742157
Dvina,missile_guidance,0.2,25,5,25,5,7,2465,0.3333333333333333,45,26227.814635261893
Dvina,missile_guidance,0.2,25,10,25,10,29,4466,0.4,45,26227.814635261893
Dvina,missile_guidance,0.2,25,15,25,15,29,7026,0.4,45,26227.814635261893
Dvina,missile_guidance,0.2,25,20,25,20,67,9115,0.4,45,26227.814635261893
Dvina,missile_guidance,0.2,25,30,25,25,112,11319,0.4,45,26227.814635261893
Dvina,missile_guidance,0.2,50,5,45,5,5,2075,0.3333333333333333,45,26227.814635261893
Dvina,missile_guidance,0.2,50,10,45,10,8,4595,0.6666666666666666,45,26227.814635261893
Dvina,missile_guidance,0.2,50,15,45,15,8,6184,1.0,45,26227.814635261893
Dvina,missile_guidance,0.2,50,20,45,20,12,7118,1.0,45,26227.814635261893
Dvina,missile_guidance,0.2,50,30,45,30,30,11726,1.0,45,26227.814635261893
Dvina,missile_guidance,0.2,75,5,45,5,5,2075,0.3333333333333333,45,26227.814635261893
Dvina,missile_guidance,0.2,75,10,45,10,8,4595,0.6666666666666666,45,26227.814635261893
Dvina,missile_guidance,0.2,75,15,45,15,8,6184,1.0,45,26227.814635261893
Dvina,missile_guidance,0.2,75,20,45,20,12,7118,1.0,45,26227.814635261893
Dvina,missile_guidance,0.2,75,30,45,30,30,11726,1.0,45,26227.814635261893
Dvina,missile_guidance,0.2,100,5,45,5,5,2075,0.3333333333333333,45,26227.814635261893
Dvina,missile_guidance,0.2,100,10,45,10,8,4595,0.6666666666666666,45,26227.814635261893
Dvina,missile_guidance,0.2,100,15,45,15,8,6184,1.0,45,26227.814635261893
Dvina,missile_guidance,0.2,100,20,45,20,12,7118,1.0,45,26227.814635261893
Dvina,missile_guidance,0.2,100,30,45,30,30,11726,1.0,45,26227.814635261893
Dvina,missile_guidance,0.25,25,5,25,5,7,2465,0.3333333333333333,45,26227.814635261893
Dvina,missile_guidance,0.25,25,10,25,10,29,4466,0.4,45,26227.814635261893
Dvina,missile_guidance,0.25,25,15,25,15,29,7026,0.4,45,26227.814635261893
Dvina,missile_guidance,0.25,25,20,25,20,67,9115,0.4,45,26227.814635261893
Dvina,missile_guidance,0.25,25,30,25,25,112,11319,0.4,45,26227.814635261893
Dvina,missile_guidance,0.25,50,5,45,5,5,2075,0.3333333333333333,45,26227.814635261893
Dvina,missile_guidance,0.25,50,10,45,10,8,4595,0.6666666666666666,45,26227.814635261893
Dvina,missile_guidance,0.25,50,15,45,15,8,6184,1.0,45,26227.814635261893
Dvina,missile_guidance,0.25,50,20,45,20,12,7118,1.0,45,26227.814635261893
Dvina,missile_guidance,0.25,50,30,45,30,30,11726,1.0,45,26227.814635261893
Dvina,missile_guidance,0.25,75,5,45,5,5,2075,0.3333333333333333,45,26227.814635261893
Dvina,missile_guidance,0.25,75,10,45,10,8,4595,0.6666666666666666,45,26227.814635261893
Dvina,missile_guidance,0.25,75,15,45,15,8,6184,1.0,45,26227.814635261893
Dvina,missile_guidance,0.25,75,20,45,20,12,7118,1.0,45,26227.814635261893
Dvina,missile_guidance,0.25,75,30,45,30,30,11726,1.0,45,26227.814635261893
Dvina,missile_guidance,0.25,100,5,45,5,5,2075,0.3333333333333333,45,26227.814635261893
Dvina,missile_guidance,0.25,100,10,45,10,8,4595,0.6666666666666666,45,26227.814635261893
Dvina,missile_guidance,0.25,100,15,45,15,8,6184,1.0,45,26227.814635261893
Dvina,missile_guidance,0.25,100,20,45,20,12,7118,1.0,45,26227.814635261893
Dvina,missile_guidance,0.25,100,30,45,30,30,11726,1.0,45,26227.814635261893
Dvina,missile_guidance,0.3,25,5,25,5,7,2465,0.3333333333333333,45,26227.814635261893
Dvina,missile_guidance,0.3,25,10,25,10,29,4466,0.4,45,26227.814635261893
Dvina,missile_guidance,0.3,25,15,25,15,29,7026,0.4,45,26227.814635261893
Dvina,missile_guidance,0.3,25,20,25,20,67,9115,0.4,45,26227.814635261893
Dvina,missile_guidance,0.3,25,30,25,25,112,11319,0.4,45,26227.814635261893
Dvina,missile_guidance,0.3,50,5,45,5,5,2075,0.3333333333333333,45,26227.814635261893
Dvina,missile_guidance,0.3,50,10,45,10,8,4595,0.6666666666666666,45,26227.814635261893
Dvina,missile_guidance,0.3,50,15,45,15,8,6184,1.0,45,26227.814635261893
Dvina,missile_guidance,0.3,50,20,45,20,12,7118,1.0,45,26227.814635261893
Dvina,missile_guidance,0.3,50,30,45,30,30,11726,1.0,45,26227.814635261893
Dvina,missile_guidance,0.3,75,5,45,5,5,2075,0.3333333333333333,45,26227.814635261893
Dvina,missile_guidance,0.3,75,10,45,10,8,4595,0.6666666666666666,45,26227.814635261893
Dvina,missile_guidance,0.3,75,15,45,15,8,6184,1.0,45,26227.814635261893
Dvina,missile_guidance,0.3,75,20,45,20,12,7118,1.0,45,26227.814635261893
Dvina,missile_guidance,0.3,75,30,45,30,30,11726,1.0,45,26227.814635261893
Dvina,missile_guidance,0.3,100,5,45,5,5,2075,0.3333333333333333,45,26227.814635261893
Dvina,missile_guidance,0.3,100,10,45,10,8,4595,0.6666666666666666,45,26227.814635261893
Dvina,missile_guidance,0.3,100,15,45,15,8,6184,1.0,45,26227.814635261893
Dvina,missile_guidance,0.3,100,20,45,20,12,7118,1.0,45,26227.814635261893
Dvina,missile_guidance,0.3,100,30,45,30,30,11726,1.0,45,26227.814635261893
Dvina,missile_guidance,0.35,25,5,25,5,7,2465,0.3333333333333333,45,26227.814635261893
Dvina,missile_guidance,0.35,25,10,25,10,29,4466,0.4,45,26227.814635261893
Dvina,missile_guidance,0.35,25,15,25,15,29,7026,0.4,45,26227.814635261893
Dvina,missile_guidance,0.35,25,20,25,20,67,9115,0.4,45,26227.814635261893
Dvina,missile_guidance,0.35,25,30,25,25,112,11319,0.4,45,26227.814635261893
Dvina,missile_guidance,0.35,50,5,45,5,5,2075,0.3333333333333333,45,26227.814635261893
Dvina,missile_guidance,0.35,50,10,45,10,8,4595,0.6666666666666666,45,26227.814635261893
Dvina,missile_guidance,0.35,50,15,45,15,8,6184,1.0,45,26227.814635261893
Dvina,missile_guidance,0.35,50,20,45,20,12,7118,1.0,45,26227.814635261893
Dvina,missile_guidance,0.35,50,30,45,30,30,11726,1.0,45,26227.814635261893
Dvina,missile_guidance,0.35,75,5,45,5,5,2075,0.3333333333333333,45,26227.814635261893
Dvina,missile_guidance,0.35,75,10,45,10,8,4595,0.6666666666666666,45,26227.814635261893
Dvina,missile_guidance,0.35,75,15,45,15,8,6184,1.0,45,26227.814635261893
Dvina,missile_guidance,0.35,75,20,45,20,12,7118,1.0,45,26227.814635261893
Dvina,missile_guidance,0.35,75,30,45,30,30,11726,1.0,45,26227.814635261893
Dvina,missile_guidance,0.35,100,5,45,5,5,2075,0.3333333333333333,45,26227.814635261893
Dvina,missile_guidance,0.35,100,10,45,10,8,4595,0.6666666666666666,45,26227.814635261893
Dvina,missile_guidance,0.35,100,15,45,15,8,6184,1.0,45,26227.814635261893
Dvina,missile_guidance,0.35,100,20,45,20,12,7118,1.0,45,26227.814635261893
Dvina,missile_guidance,0.35,100,30,45,30,30,11726,1.0,45,26227.814635261893
Dvina,missile_guidance,0.4,25,5,25,5,7,2465,0.3333333333333333,45,26227.814635261893
Dvina,missile_guidance,0.4,25,10,25,10,29,4466,0.4,45,26227.814635261893
Dvina,missile_guidance,0.4,25,15,25,15,29,7026,0.4,45,26227.814635261893
Dvina,missile_guidance,0.4,25,20,25,20,67,9115,0.4,45,26227.814635261893
Dvina,missile_guidance,0.4,25,30,25,25,112,11319,0.4,45,26227.814635261893
Dvina,missile_guidance,0.4,50,5,45,5,5,2075,0.3333333333333333,45,26227.814635261893
Dvina,missile_guidance,0.4,50,10,45,10,8,4595,0.6666666666666666,45,26227.814635261893
Dvina,missile_guidance,0.4,50,15,45,15,8,6184,1.0,45,26227.814635261893
Dvina,missile_guidance,0.4,50,20,45,20,12,7118,1.0,45,26227.814635261893
Dvina,missile_guidance,0.4,50,30,45,30,30,11726,1.0,45,26227.814635261893
Dvina,missile_guidance,0.4,75,5,45,5,5,2075,0.3333333333333333,45,26227.814635261893
Dvina,missile_guidance,0.4,75,10,45,10,8,4595,0.6666666666666666,45,26227.814635261893
Dvina,missile_guidance,0.4,75,15,45,15,8,6184,1.0,45,26227.814635261893
Dvina,missile_guidance,0.4,75,20,45,20,12,7118,1.0,45,26227.814635261893
Dvina,missile_guidance,0.4,75,30,45,30,30,11726,1.0,45,26227.814635261893
Dvina,missile_guidance,0.4,100,5,45,5,5,2075,0.3333333333333333,45,26227.814635261893
Dvina,missile_guidance,0.4,100,10,45,10,8,4595,0.6666666666666666,45,26227.814635261893
Dvina,missile_guidance,0.4,100,15,45,15,8,6184,1.0,45,26227.814635261893
Dvina,missile_guidance,0.4,100,20,45,20,12,7118,1.0,45,26227.814635261893
Dvina,missile_guidance,0.4,100,30,45,30,30,11726,1.0,45,26227.814635261893
Dvina,missile_guidance,0.45,25,5,13,5,23,2069,0.26666666666666666,45,26227.814635261893
Dvina,missile_guidance,0.45,25,10,13,10,65,4096,0.26666666666666666,45,26227.814635261893
Dvina,missile_guidance,0.45,25,15,13,13,79,5457,0.26666666666666666,45,26227.814635261893
Dvina,missile_guidance,0.45,25,20,13,13,79,5457,0.26666666666666666,45,26227.814635261893
Dvina,missile_guidance,0.45,25,30,13,13,79,5457,0.26666666666666666,45,26227.814635261893
Dvina,missile_guidance,0.45,50,5,13,5,23,2069,0.26666666666666666,45,26227.814635261893
Dvina,missile_guidance,0.45,50,10,13,10,65,4096,0.26666666666666666,45,26227.814635261893
Dvina,missile_guidance,0.45,50,15,13,13,79,5457,0.26666666666666666,45,26227.814635261893
Dvina,missile_guidance,0.45,50,20,13,13,79,5457,0.26666666666666666,45,26227.814635261893
Dvina,missile_guidance,0.45,50,30,13,13,79,5457,0.26666666666666666,45,26227.814635261893
Dvina,missile_guidance,0.45,75,5,13,5,23,2069,0.26666666666666666,45,26227.814635261893
Dvina,missile_guidance,0.45,75,10,13,10,65,4096,0.26666666666666666,45,26227.814635261893
Dvina,missile_guidance,0.45,75,15,13,13,79,5457,0.26666666666666666,45,26227.814635261893
Dvina,missile_guidance,0.45,75,20,13,13,79,5457,0.26666666666666666,45,26227.814635261893
Dvina,missile_guidance,0.45,75,30,13,13,79,5457,0.26666666666666666,45,26227.814635261893
Dvina,missile_guidance,0.45,100,5,13,5,23,2069,0.26666666666666666,45,26227.814635261893
Dvina,missile_guidance,0.45,100,10,13,10,65,4096,0.26666666666666666,45,26227.814635261893
Dvina,missile_guidance,0.45,100,15,13,13,79,5457,0.26666666666666666,45,26227.814635261893
Dvina,missile_guidance,0.45,100,20,13,13,79,5457,0.26666666666666666,45,26227.814635261893
Dvina,missile_guidance,0.45,100,30,13,13,79,5457,0.26666666666666666,45,26227.814635261893
Dvina,missile_guidance,0.5,25,5,4,4,8,1646,0.0,45,26227.814635261893
Dvina,missile_guidance,0.5,25,10,4,4,8,1646,0.0,45,26227.814635261893
Dvina,missile_guidance,0.5,25,15,4,4,8,1646,0.0,45,26227.814635261893
Dvina,missile_guidance,0.5,25,20,4,4,8,1646,0.0,45,26227.814635261893
Dvina,missile_guidance,0.5,25,30,4,4,8,1646,0.0,45,26227.814635261893
Dvina,missile_guidance,0.5,50,5,4,4,8,1646,0.0,45,26227.814635261893
Dvina,missile_guidance,0.5,50,10,4,4,8,1646,0.0,45,26227.814635261893
Dvina,missile_guidance,0.5,50,15,4,4,8,1646,0.0,45,26227.814635261893
Dvina,missile_guidance,0.5,50,20,4,4,8,1646,0.0,45,26227.814635261893
Dvina,missile_guidance,0.5,50,30,4,4,8,1646,0.0,45,26227.814635261893
Dvina,missile_guidance,0.5,75,5,4,4,8,1646,0.0,45,26227.814635261893
Dvina,missile_guidance,0.5,75,10,4,4,8,1646,0.0,45,26227.814635261893
Dvina,missile_guidance,0.5,75,15,4,4,8,1646,0.0,45,26227.814635261893
Dvina,missile_guidance,0.5,75,20,4,4,8,1646,0.0,45,26227.814635261893
Dvina,missile_guidance,0.5,75,30,4,4,8,1646,0.0,45,26227.814635261893
Dvina,missile_guidance,0.5,100,5,4,4,8,1646,0.0,45,26227.814635261893
Dvina,missile_guidance,0.5,100,10,4,4,8,1646,0.0,45,26227.814635261893
Dvina,missile_guidance,0.5,100,15,4,4,8,1646,0.0,45,26227.814635261893
Dvina,missile_guidance,0.5,100,20,4,4,8,1646,0.0,45,26227.814635261893
Dvina,missile_guidance,0.5,100,30,4,4,8,1646,0.0,45,26227.814635261893
Dvina,missile_airframe,0.2,25,5,25,5,24,1582,0.2,45,18628.056563436985
Dvina,missile_airframe,0.2,25,10,25,10,35,3951,0.2,45,18628.056563436985
Dvina,missile_airframe,0.2,25,15,25,15,35,4186,0.2,45,18628.056563436985
Dvina,missile_airframe,0.2,25,20,25,20,87,6081,0.2,45,18628.056563436985
Dvina,missile_airframe,0.2,25,30,25,25,110,8294,0.2,45,18628.056563436985
Dvina,missile_airframe,0.2,50,5,45,5,7,2521,0.3333333333333333,45,18628.056563436985
Dvina,missile_airframe,0.2,50,10,45,10,28,4649,0.6666666666666666,45,18628.056563436985
Dvina,missile_airframe,0.2,50,15,45,15,28,7185,1.0,45,18628.056563436985
Dvina,missile_airframe,0.2,50,20,45,20,28,9282,1.0,45,18628.056563436985
Dvina,missile_airframe,0.2,50,30,45,30,39,13571,1.0,45,18628.056563436985
Dvina,missile_airframe,0.2,75,5,45,5,7,2521,0.3333333333333333,45,18628.056563436985
Dvina,missile_airframe,0.2,75,10,45,10,28,4649,0.6666666666666666,45,18628.056563436985
Dvina,missile_airframe,0.2,75,15,45,15,28,7185,1.0,45,18628.056563436985
Dvina,missile_airframe,0.2,75,20,45,20,28,9282,1.0,45,18628.056563436985
Dvina,missile_airframe,0.2,75,30,45,30,39,13571,1.0,45,18628.056563436985
Dvina,missile_airframe,0.2,100,5,45,5,7,2521,0.3333333333333333,45,18628.056563436985
Dvina,missile_airframe,0.2,100,10,45,10,28,4649,0.6666666666666666,45,18628.056563436985
Dvina,missile_airframe,0.2,100,15,45,15,28,7185,1.0,45,18628.056563436985
Dvina,missile_airframe,0.2,100,20,45,20,28,9282,1.0,45,18628.056563436985
Dvina,missile_airframe,0.2,100,30,45,30,39,13571,1.0,45,18628.056563436985
Dvina,missile_airframe,0.25,25,5,25,5,24,1582,0.2,45,18628.056563436985
Dvina,missile_airframe,0.25,25,10,25,10,35,3951,0.2,45,18628.056563436985
Dvina,missile_airframe,0.25,25,15,25,15,35,4186,0.2,45,18628.056563436985
Dvina,missile_airframe,0.25,25,20,25,20,87,6081,0.2,45,18628.056563436985
Dvina,missile_airframe,0.25,25,30,25,25,110,8294,0.2,45,18628.056563436985
Dvina,missile_airframe,0.25,50,5,45,5,7,2521,0.3333333333333333,45,18628.056563436985
Dvina,missile_airframe,0.25,50,10,45,10,28,4649,0.6666666666666666,45,18628.056563436985
Dvina,missile_airframe,0.25,50,15,45,15,28,7185,1.0,45,18628.056563436985
Dvina,missile_airframe,0.25,50,20,45,20,28,9282,1.0,45,18628.056563436985
Dvina,missile_airframe,0.25,50,30,45,30,39,13571,1.0,45,18628.056563436985
Dvina,missile_airframe,0.25,75,5,45,5,7,2521,0.3333333333333333,45,18628.056563436985
Dvina,missile_airframe,0.25,75,10,45,10,28,4649,0.6666666666666666,45,18628.056563436985
Dvina,missile_airframe,0.25,75,15,45,15,28,7185,1.0,45,18628.056563436985
Dvina,missile_airframe,0.25,75,20,45,20,28,9282,1.0,45,18628.056563436985
Dvina,missile_airframe,0.25,75,30,45,30,39,13571,1.0,45,18628.056563436985
Dvina,missile_airframe,0.25,100,5,45,5,7,2521,0.3333333333333333,45,18628.056563436985
Dvina,missile_airframe,0.25,100,10,45,10,28,4649,0.6666666666666666,45,18628.056563436985
Dvina,missile_airframe,0.25,100,15,45,15,28,7185,1.0,45,18628.056563436985
Dvina,missile_airframe,0.25,100,20,45,20,28,9282,1.0,45,18628.056563436985
Dvina,missile_airframe,0.25,100,30,45,30,39,13571,1.0,45,18628.056563436985
Dvina,missile_airframe,0.3,25,5,25,5,24,1582,0.2,45,18628.056563436985
Dvina,missile_airframe,0.3,25,10,25,10,35,3951,0.2,45,18628.056563436985
Dvina,missile_airframe,0.3,25,15,25,15,35,4186,0.2,45,18628.056563436985
Dvina,missile_airframe,0.3,25,20,25,20,87,6081,0.2,45,18628.056563436985
Dvina,missile_airframe,0.3,25,30,25,25,110,8294,0.2,45,18628.056563436985
Dvina,missile_airframe,0.3,50,5,45,5,7,2521,0.3333333333333333,45,18628.056563436985
Dvina,missile_airframe,0.3,50,10,45,10,28,4649,0.6666666666666666,45,18628.056563436985
Dvina,missile_airframe,0.3,50,15,45,15,28,7185,1.0,45,18628.056563436985
Dvina,missile_airframe,0.3,50,20,45,20,28,9282,1.0,45,18628.056563436985
Dvina,missile_airframe,0.3,50,30,45,30,39,13571,1.0,45,18628.056563436985
Dvina,missile_airframe,0.3,75,5,45,5,7,2521,0.3333333333333333,45,18628.056563436985
Dvina,missile_airframe,0.3,75,10,45,10,28,4649,0.6666666666666666,45,18628.056563436985
Dvina,missile_airframe,0.3,75,15,45,15,28,7185,1.0,45,18628.056563436985
Dvina,missile_airframe,0.3,75,20,45,20,28,9282,1.0,45,18628.056563436985
Dvina,missile_airframe,0.3,75,30,45,30,39,13571,1.0,45,18628.056563436985
Dvina,missile_airframe,0.3,100,5,45,5,7,2521,0.3333333333333333,45,18628.056563436985
Dvina,missile_airframe,0.3,100,10,45,10,28,4649,0.6666666666666666,45,18628.056563436985
Dvina,missile_airframe,0.3,100,15,45,15,28,7185,1.0,45,18628.056563436985
Dvina,missile_airframe,0.3,100,20,45,20,28,9282,1.0,45,18628.056563436985
Dvina,missile_airframe,0.3,100,30,45,30,39,13571,1.0,45,18628.056563436985
Dvina,missile_airframe,0.35,25,5,22,5,24,1597,0.13333333333333333,45,18628.056563436985
Dvina,missile_airframe,0.35,25,10,22,10,34,3053,0.13333333333333333,45,18628.056563436985
Dvina,missile_airframe,0.35,25,15,22,15,54,3934,0.13333333333333333,45,18628.056563436985
Dvina,missile_airframe,0.35,25,20,22,20,96,6080,0.13333333333333333,45,18628.056563436985
Dvina,missile_airframe,0.35,25,30,22,22,108,6990,0.13333333333333333,45,18628.056563436985
Dvina,missile_airframe,0.35,50,5,22,5,24,1597,0.13333333333333333,45,18628.056563436985
Dvina,missile_airframe,0.35,50,10,22,10,34,3053,0.13333333333333333,45,18628.056563436985
Dvina,missile_airframe,0.35,50,15,22,15,54,3934,0.13333333333333333,45,18628.056563436985
Dvina,missile_airframe,0.35,50,20,22,20,96,6080,0.13333333333333333,45,18628.056563436985
Dvina,missile_airframe,0.35,50,30,22,22,108,6990,0.13333333333333333,45,18628.056563436985
Dvina,missile_airframe,0.35,75,5,22,5,24,1597,0.13333333333333333,45,18628.056563436985
Dvina,missile_airframe,0.35,75,10,22,10,34,3053,0.13333333333333333,45,18628.056563436985
Dvina,missile_airframe,0.35,75,15,22,15,54,3934,0.13333333333333333,45,18628.056563436985
Dvina,missile_airframe,0.35,75,20,22,20,96,6080,0.13333333333333333,45,18628.056563436985
Dvina,missile_airframe,0.35,75,30,22,22,108,6990,0.13333333333333333,45,18628.056563436985
Dvina,missile_airframe,0.35,100,5,22,5,24,1597,0.13333333333333333,45,18628.056563436985
Dvina,missile_airframe,0.35,100,10,22,10,34,3053,0.13333333333333333,45,18628.056563436985
Dvina,missile_airframe,0.35,100,15,22,15,54,3934,0.13333333333333333,45,18628.056563436985
Dvina,missile_airframe,0.35,100,20,22,20,96,6080,0.13333333333333333,45,18628.056563436985
Dvina,missile_airframe,0.35,100,30,22,22,108,6990,0.13333333333333333,45,18628.056563436985
Dvina,missile_airframe,0.4,25,5,7,5,43,1747,0.06666666666666667,45,18628.056563436985
Dvina,missile_airframe,0.4,25,10,7,7,55,2657,0.06666666666666667,45,18628.056563436985
Dvina,missile_airframe,0.4,25,15,7,7,55,2657,0.06666666666666667,45,18628.056563436985
Dvina,missile_airframe,0.4,25,20,7,7,55,2657,0.06666666666666667,45,18628.056563436985
Dvina,missile_airframe,0.4,25,30,7,7,55,2657,0.06666666666666667,45,18628.056563436985
Dvina,missile_airframe,0.4,50,5,7,5,43,1747,0.06666666666666667,45,18628.056563436985
Dvina,missile_airframe,0.4,50,10,7,7,55,2657,0.06666666666666667,45,18628.056563436985
Dvina,missile_airframe,0.4,50,15,7,7,55,2657,0.06666666666666667,45,18628.056563436985
Dvina,missile_airframe,0.4,50,20,7,7,55,2657,0.06666666666666667,45,18628.056563436985
Dvina,missile_airframe,0.4,50,30,7,7,55,2657,0.06666666666666667,45,18628.056563436985
Dvina,missile_airframe,0.4,75,5,7,5,43,1747,0.06666666666666667,45,18628.056563436985
Dvina,missile_airframe,0.4,75,10,7,7,55,2657,0.06666666666666667,45,18628.056563436985
Dvina,missile_airframe,0.4,75,15,7,7,55,2657,0.06666666666666667,45,18628.056563436985
Dvina,missile_airframe,0.4,75,20,7,7,55,2657,0.06666666666666667,45,18628.056563436985
Dvina,missile_airframe,0.4,75,30,7,7,55,2657,0.06666666666666667,45,18628.056563436985
Dvina,missile_airframe,0.4,100,5,7,5,43,1747,0.06666666666666667,45,18628.056563436985
Dvina,missile_airframe,0.4,100,10,7,7,55,2657,0.06666666666666667,45,18628.056563436985
Dvina,missile_airframe,0.4,100,15,7,7,55,2657,0.06666666666666667,45,18628.056563436985
Dvina,missile_airframe,0.4,100,20,7,7,55,2657,0.06666666666666667,45,18628.056563436985
Dvina,missile_airframe,0.4,100,30,7,7,55,2657,0.06666666666666667,45,18628.056563436985
Dvina,missile_airframe,0.45,25,5,3,3,22,908,0.06666666666666667,45,18628.056563436985
Dvina,missile_airframe,0.45,25,10,3,3,22,908,0.06666666666666667,45,18628.056563436985
Dvina,missile_airframe,0.45,25,15,3,3,22,908,0.06666666666666667,45,18628.056563436985
Dvina,missile_airframe,0.45,25,20,3,3,22,908,0.06666666666666667,45,18628.056563436985
Dvina,missile_airframe,0.45,25,30,3,3,22,908,0.06666666666666667,45,18628.056563436985
Dvina,missile_airframe,0.45,50,5,3,3,22,908,0.06666666666666667,45,18628.056563436985
Dvina,missile_airframe,0.45,50,10,3,3,22,908,0.06666666666666667,45,18628.056563436985
Dvina,missile_airframe,0.45,50,15,3,3,22,908,0.06666666666666667,45,18628.056563436985
Dvina,missile_airframe,0.45,50,20,3,3,22,908,0.06666666666666667,45,18628.056563436985
Dvina,missile_airframe,0.45,50,30,3,3,22,908,0.06666666666666667,45,18628.056563436985
Dvina,missile_airframe,0.45,75,5,3,3,22,908,0.06666666666666667,45,18628.056563436985
Dvina,missile_airframe,0.45,75,10,3,3,22,908,0.06666666666666667,45,18628.056563436985
Dvina,missile_airframe,0.45,75,15,3,3,22,908,0.06666666666666667,45,18628.056563436985
Dvina,missile_airframe,0.45,75,20,3,3,22,908,0.06666666666666667,45,18628.056563436985
Dvina,missile_airframe,0.45,75,30,3,3,22,908,0.06666666666666667,45,18628.056563436985
Dvina,missile_airframe,0.45,100,5,3,3,22,908,0.06666666666666667,45,18628.056563436985
Dvina,missile_airframe,0.45,100,10,3,3,22,908,0.06666666666666667,45,18628.056563436985
Dvina,missile_airframe,0.45,100,15,3,3,22,908,0.06666666666666667,45,18628.056563436985
Dvina,missile_airframe,0.45,100,20,3,3,22,908,0.06666666666666667,45,18628.056563436985
Dvina,missile_airframe,0.45,100,30,3,3,22,908,0.06666666666666667,45,18628.056563436985
Dvina,missile_airframe,0.5,25,5,1,1,17,80,0.06666666666666667,45,18628.056563436985
Dvina,missile_airframe,0.5,25,10,1,1,17,80,0.06666666666666667,45,18628.056563436985
Dvina,missile_airframe,0.5,25,15,1,1,17,80,0.06666666666666667,45,18628.056563436985
Dvina,missile_airframe,0.5,25,20,1,1,17,80,0.06666666666666667,45,18628.056563436985
Dvina,missile_airframe,0.5,25,30,1,1,17,80,0.06666666666666667,45,18628.056563436985
Dvina,missile_airframe,0.5,50,5,1,1,17,80,0.06666666666666667,45,18628.056563436985
Dvina,missile_airframe,0.5,50,10,1,1,17,80,0.06666666666666667,45,18628.056563436985
Dvina,missile_airframe,0.5,50,15,1,1,17,80,0.06666666666666667,45,18628.056563436985
Dvina,missile_airframe,0.5,50,20,1,1,17,80,0.06666666666666667,45,18628.056563436985
Dvina,missile_airframe,0.5,50,30,1,1,17,80,0.06666666666666667,45,18628.056563436985
Dvina,missile_airframe,0.5,75,5,1,1,17,80,0.06666666666666667,45,18628.056563436985
Dvina,missile_airframe,0.5,75,10,1,1,17,80,0.06666666666666667,45,18628.056563436985
Dvina,missile_airframe,0.5,75,15,1,1,17,80,0.06666666666666667,45,18628.056563436985
Dvina,missile_airframe,0.5,75,20,1,1,17,80,0.06666666666666667,45,18628.056563436985
Dvina,missile_airframe,0.5,75,30,1,1,17,80,0.06666666666666667,45,18628.056563436985
Dvina,missile_airframe,0.5,100,5,1,1,17,80,0.06666666666666667,45,18628.056563436985
Dvina,missile_airframe,0.5,100,10,1,1,17,80,0.06666666666666667,45,18628.056563436985
Dvina,missile_airframe,0.5,100,15,1,1,17,80,0.06666666666666667,45,18628.056563436985
Dvina,missile_airframe,0.5,100,20,1,1,17,80,0.06666666666666667,45,18628.056563436985
Dvina,missile_airframe,0.5,100,30,1,1,17,80,0.06666666666666667,45,18628.056563436985
Dvina,missile_speed_timing,0.2,25,5,25,5,21,1183,0.13333333333333333,45,27362.74854838848
Dvina,missile_speed_timing,0.2,25,10,25,10,25,1861,0.13333333333333333,45,27362.74854838848
Dvina,missile_speed_timing,0.2,25,15,25,15,48,4010,0.13333333333333333,45,27362.74854838848
Dvina,missile_speed_timing,0.2,25,20,25,20,62,6001,0.13333333333333333,45,27362.74854838848
Dvina,missile_speed_timing,0.2,25,30,25,25,113,8239,0.13333333333333333,45,27362.74854838848
Dvina,missile_speed_timing,0.2,50,5,45,5,3,2560,0.3333333333333333,45,27362.74854838848
Dvina,missile_speed_timing,0.2,50,10,45,10,7,5120,0.6666666666666666,45,27362.74854838848
Dvina,missile_speed_timing,0.2,50,15,45,15,25,6785,1.0,45,27362.74854838848
Dvina,missile_speed_timing,0.2,50,20,45,20,26,9280,1.0,45,27362.74854838848
Dvina,missile_speed_timing,0.2,50,30,45,30,26,11981,1.0,45,27362.74854838848
Dvina,missile_speed_timing,0.2,75,5,45,5,3,2560,0.3333333333333333,45,27362.74854838848
Dvina,missile_speed_timing,0.2,75,10,45,10,7,5120,0.6666666666666666,45,27362.74854838848
Dvina,missile_speed_timing,0.2,75,15,45,15,25,6785,1.0,45,27362.74854838848
Dvina,missile_speed_timing,0.2,75,20,45,20,26,9280,1.0,45,27362.74854838848
Dvina,missile_speed_timing,0.2,75,30,45,30,26,11981,1.0,45,27362.74854838848
Dvina,missile_speed_timing,0.2,100,5,45,5,3,2560,0.3333333333333333,45,27362.74854838848
Dvina,missile_speed_timing,0.2,100,10,45,10,7,5120,0.6666666666666666,45,27362.74854838848
Dvina,missile_speed_timing,0.2,100,15,45,15,25,6785,1.0,45,27362.74854838848
Dvina,missile_speed_timing,0.2,100,20,45,20,26,9280,1.0,45,27362.74854838848
Dvina,missile_speed_timing,0.2,100,30,45,30,26,11981,1.0,45,27362.74854838848
Dvina,missile_speed_timing,0.25,25,5,25,5,21,1183,0.13333333333333333,45,27362.74854838848
Dvina,missile_speed_timing,0.25,25,10,25,10,25,1861,0.13333333333333333,45,27362.74854838848
Dvina,missile_speed_timing,0.25,25,15,25,15,48,4010,0.13333333333333333,45,27362.74854838848
Dvina,missile_speed_timing,0.25,25,20,25,20,62,6001,0.13333333333333333,45,27362.74854838848
Dvina,missile_speed_timing,0.25,25,30,25,25,113,8239,0.13333333333333333,45,27362.74854838848
Dvina,missile_speed_timing,0.25,50,5,45,5,3,2560,0.3333333333333333,45,27362.74854838848
Dvina,missile_speed_timing,0.25,50,10,45,10,7,5120,0.6666666666666666,45,27362.74854838848
Dvina,missile_speed_timing,0.25,50,15,45,15,25,6785,1.0,45,27362.74854838848
Dvina,missile_speed_timing,0.25,50,20,45,20,26,9280,1.0,45,27362.74854838848
Dvina,missile_speed_timing,0.25,50,30,45,30,26,11981,1.0,45,27362.74854838848
Dvina,missile_speed_timing,0.25,75,5,45,5,3,2560,0.3333333333333333,45,27362.74854838848
Dvina,missile_speed_timing,0.25,75,10,45,10,7,5120,0.6666666666666666,45,27362.74854838848
Dvina,missile_speed_timing,0.25,75,15,45,15,25,6785,1.0,45,27362.74854838848
Dvina,missile_speed_timing,0.25,75,20,45,20,26,9280,1.0,45,27362.74854838848
Dvina,missile_speed_timing,0.25,75,30,45,30,26,11981,1.0,45,27362.74854838848
Dvina,missile_speed_timing,0.25,100,5,45,5,3,2560,0.3333333333333333,45,27362.74854838848
Dvina,missile_speed_timing,0.25,100,10,45,10,7,5120,0.6666666666666666,45,27362.74854838848
Dvina,missile_speed_timing,0.25,100,15,45,15,25,6785,1.0,45,27362.74854838848
Dvina,missile_speed_timing,0.25,100,20,45,20,26,9280,1.0,45,27362.74854838848
Dvina,missile_speed_timing,0.25,100,30,45,30,26,11981,1.0,45,27362.74854838848
Dvina,missile_speed_timing,0.3,25,5,25,5,21,1183,0.13333333333333333,45,27362.74854838848
Dvina,missile_speed_timing,0.3,25,10,25,10,25,1861,0.13333333333333333,45,27362.74854838848
Dvina,missile_speed_timing,0.3,25,15,25,15,48,4010,0.13333333333333333,45,27362.74854838848
Dvina,missile_speed_timing,0.3,25,20,25,20,62,6001,0.13333333333333333,45,27362.74854838848
Dvina,missile_speed_timing,0.3,25,30,25,25,113,8239,0.13333333333333333,45,27362.74854838848
Dvina,missile_speed_timing,0.3,50,5,45,5,3,2560,0.3333333333333333,45,27362.74854838848
Dvina,missile_speed_timing,0.3,50,10,45,10,7,5120,0.6666666666666666,45,27362.74854838848
Dvina,missile_speed_timing,0.3,50,15,45,15,25,6785,1.0,45,27362.74854838848
Dvina,missile_speed_timing,0.3,50,20,45,20,26,9280,1.0,45,27362.74854838848
Dvina,missile_speed_timing,0.3,50,30,45,30,26,11981,1.0,45,27362.74854838848
Dvina,missile_speed_timing,0.3,75,5,45,5,3,2560,0.3333333333333333,45,27362.74854838848
Dvina,missile_speed_timing,0.3,75,10,45,10,7,5120,0.6666666666666666,45,27362.74854838848
Dvina,missile_speed_timing,0.3,75,15,45,15,25,6785,1.0,45,27362.74854838848
Dvina,missile_speed_timing,0.3,75,20,45,20,26,9280,1.0,45,27362.74854838848
Dvina,missile_speed_timing,0.3,75,30,45,30,26,11981,1.0,45,27362.74854838848
Dvina,missile_speed_timing,0.3,100,5,45,5,3,2560,0.3333333333333333,45,27362.74854838848
Dvina,missile_speed_timing,0.3,100,10,45,10,7,5120,0.6666666666666666,45,27362.74854838848
Dvina,missile_speed_timing,0.3,100,15,45,15,25,6785,1.0,45,27362.74854838848
Dvina,missile_speed_timing,0.3,100,20,45,20,26,9280,1.0,45,27362.74854838848
Dvina,missile_speed_timing,0.3,100,30,45,30,26,11981,1.0,45,27362.74854838848
Dvina,missile_speed_timing,0.35,25,5,25,5,21,1183,0.13333333333333333,45,27362.74854838848
Dvina,missile_speed_timing,0.35,25,10,25,10,25,1861,0.13333333333333333,45,27362.74854838848
Dvina,missile_speed_timing,0.35,25,15,25,15,48,4010,0.13333333333333333,45,27362.74854838848
Dvina,missile_speed_timing,0.35,25,20,25,20,62,6001,0.13333333333333333,45,27362.74854838848
Dvina,missile_speed_timing,0.35,25,30,25,25,113,8239,0.13333333333333333,45,27362.74854838848
Dvina,missile_speed_timing,0.35,50,5,45,5,3,2560,0.3333333333333333,45,27362.74854838848
Dvina,missile_speed_timing,0.35,50,10,45,10,7,5120,0.6666666666666666,45,27362.74854838848
Dvina,missile_speed_timing,0.35,50,15,45,15,25,6785,1.0,45,27362.74854838848
Dvina,missile_speed_timing,0.35,50,20,45,20,26,9280,1.0,45,27362.74854838848
Dvina,missile_speed_timing,0.35,50,30,45,30,26,11981,1.0,45,27362.74854838848
Dvina,missile_speed_timing,0.35,75,5,45,5,3,2560,0.3333333333333333,45,27362.74854838848
Dvina,missile_speed_timing,0.35,75,10,45,10,7,5120,0.6666666666666666,45,27362.74854838848
Dvina,missile_speed_timing,0.35,75,15,45,15,25,6785,1.0,45,27362.74854838848
Dvina,missile_speed_timing,0.35,75,20,45,20,26,9280,1.0,45,27362.74854838848
Dvina,missile_speed_timing,0.35,75,30,45,30,26,11981,1.0,45,27362.74854838848
Dvina,missile_speed_timing,0.35,100,5,45,5,3,2560,0.3333333333333333,45,27362.74854838848
Dvina,missile_speed_timing,0.35,100,10,45,10,7,5120,0.6666666666666666,45,27362.74854838848
Dvina,missile_speed_timing,0.35,100,15,45,15,25,6785,1.0,45,27362.74854838848
Dvina,missile_speed_timing,0.35,100,20,45,20,26,9280,1.0,45,27362.74854838848
Dvina,missile_speed_timing,0.35,100,30,45,30,26,11981,1.0,45,27362.74854838848
Dvina,missile_speed_timing,0.4,25,5,14,5,25,2002,0.06666666666666667,45,27362.74854838848
Dvina,missile_speed_timing,0.4,25,10,14,10,54,4142,0.06666666666666667,45,27362.74854838848
Dvina,missile_speed_timing,0.4,25,15,14,14,101,5951,0.06666666666666667,45,27362.74854838848
Dvina,missile_speed_timing,0.4,25,20,14,14,101,5951,0.06666666666666667,45,27362.74854838848
Dvina,missile_speed_timing,0.4,25,30,14,14,101,5951,0.06666666666666667,45,27362.74854838848
Dvina,missile_speed_timing,0.4,50,5,14,5,25,2002,0.06666666666666667,45,27362.74854838848
Dvina,missile_speed_timing,0.4,50,10,14,10,54,4142,0.06666666666666667,45,27362.74854838848
Dvina,missile_speed_timing,0.4,50,15,14,14,101,5951,0.06666666666666667,45,27362.74854838848
Dvina,missile_speed_timing,0.4,50,20,14,14,101,5951,0.06666666666666667,45,27362.74854838848
Dvina,missile_speed_timing,0.4,50,30,14,14,101,5951,0.06666666666666667,45,27362.74854838848
Dvina,missile_speed_timing,0.4,75,5,14,5,25,2002,0.06666666666666667,45,27362.74854838848
Dvina,missile_speed_timing,0.4,75,10,14,10,54,4142,0.06666666666666667,45,27362.74854838848
Dvina,missile_speed_timing,0.4,75,15,14,14,101,5951,0.06666666666666667,45,27362.74854838848
Dvina,missile_speed_timing,0.4,75,20,14,14,101,5951,0.06666666666666667,45,27362.74854838848
Dvina,missile_speed_timing,0.4,75,30,14,14,101,5951,0.06666666666666667,45,27362.74854838848
Dvina,missile_speed_timing,0.4,100,5,14,5,25,2002,0.06666666666666667,45,27362.74854838848
Dvina,missile_speed_timing,0.4,100,10,14,10,54,4142,0.06666666666666667,45,27362.74854838848
Dvina,missile_speed_timing,0.4,100,15,14,14,101,5951,0.06666666666666667,45,27362.74854838848
Dvina,missile_speed_timing,0.4,100,20,14,14,101,5951,0.06666666666666667,45,27362.74854838848
Dvina,missile_speed_timing,0.4,100,30,14,14,101,5951,0.06666666666666667,45,27362.74854838848
Dvina,missile_speed_timing,0.45,25,5,4,4,40,1350,0.06666666666666667,45,27362.74854838848
Dvina,missile_speed_timing,0.45,25,10,4,4,40,1350,0.06666666666666667,45,27362.74854838848
Dvina,missile_speed_timing,0.45,25,15,4,4,40,1350,0.06666666666666667,45,27362.74854838848
Dvina,missile_speed_timing,0.45,25,20,4,4,40,1350,0.06666666666666667,45,27362.74854838848
Dvina,missile_speed_timing,0.45,25,30,4,4,40,1350,0.06666666666666667,45,27362.74854838848
Dvina,missile_speed_timing,0.45,50,5,4,4,40,1350,0.06666666666666667,45,27362.74854838848
Dvina,missile_speed_timing,0.45,50,10,4,4,40,1350,0.06666666666666667,45,27362.74854838848
Dvina,missile_speed_timing,0.45,50,15,4,4,40,1350,0.06666666666666667,45,27362.74854838848
Dvina,missile_speed_timing,0.45,50,20,4,4,40,1350,0.06666666666666667,45,27362.74854838848
Dvina,missile_speed_timing,0.45,50,30,4,4,40,1350,0.06666666666666667,45,27362.74854838848
Dvina,missile_speed_timing,0.45,75,5,4,4,40,1350,0.06666666666666667,45,27362.74854838848
Dvina,missile_speed_timing,0.45,75,10,4,4,40,1350,0.06666666666666667,45,27362.74854838848
Dvina,missile_speed_timing,0.45,75,15,4,4,40,1350,0.06666666666666667,45,27362.74854838848
Dvina,missile_speed_timing,0.45,75,20,4,4,40,1350,0.06666666666666667,45,27362.74854838848
Dvina,missile_speed_timing,0.45,75,30,4,4,40,1350,0.06666666666666667,45,27362.74854838848
Dvina,missile_speed_timing,0.45,100,5,4,4,40,1350,0.06666666666666667,45,27362.74854838848
Dvina,missile_speed_timing,0.45,100,10,4,4,40,1350,0.06666666666666667,45,27362.74854838848
Dvina,missile_speed_timing,0.45,100,15,4,4,40,1350,0.06666666666666667,45,27362.74854838848
Dvina,missile_speed_timing,0.45,100,20,4,4,40,1350,0.06666666666666667,45,27362.74854838848
Dvina,missile_speed_timing,0.45,100,30,4,4,40,1350,0.06666666666666667,45,27362.74854838848
Dvina,missile_speed_timing,0.5,25,5,1,1,17,80,0.06666666666666667,45,27362.74854838848
Dvina,missile_speed_timing,0.5,25,10,1,1,17,80,0.06666666666666667,45,27362.74854838848
Dvina,missile_speed_timing,0.5,25,15,1,1,17,80,0.06666666666666667,45,27362.74854838848
Dvina,missile_speed_timing,0.5,25,20,1,1,17,80,0.06666666666666667,45,27362.74854838848
Dvina,missile_speed_timing,0.5,25,30,1,1,17,80,0.06666666666666667,45,27362.74854838848
Dvina,missile_speed_timing,0.5,50,5,1,1,17,80,0.06666666666666667,45,27362.74854838848
Dvina,missile_speed_timing,0.5,50,10,1,1,17,80,0.06666666666666667,45,27362.74854838848
Dvina,missile_speed_timing,0.5,50,15,1,1,17,80,0.06666666666666667,45,27362.74854838848
Dvina,missile_speed_timing,0.5,50,20,1,1,17,80,0.06666666666666667,45,27362.74854838848
Dvina,missile_speed_timing,0.5,50,30,1,1,17,80,0.06666666666666667,45,27362.74854838848
Dvina,missile_speed_timing,0.5,75,5,1,1,17,80,0.06666666666666667,45,27362.74854838848
Dvina,missile_speed_timing,0.5,75,10,1,1,17,80,0.06666666666666667,45,27362.74854838848
Dvina,missile_speed_timing,0.5,75,15,1,1,17,80,0.06666666666666667,45,27362.74854838848
Dvina,missile_speed_timing,0.5,75,20,1,1,17,80,0.06666666666666667,45,27362.74854838848
Dvina,missile_speed_timing,0.5,75,30,1,1,17,80,0.06666666666666667,45,27362.74854838848
Dvina,missile_speed_timing,0.5,100,5,1,1,17,80,0.06666666666666667,45,27362.74854838848
Dvina,missile_speed_timing,0.5,100,10,1,1,17,80,0.06666666666666667,45,27362.74854838848
Dvina,missile_speed_timing,0.5,100,15,1,1,17,80,0.06666666666666667,45,27362.74854838848
Dvina,missile_speed_timing,0.5,100,20,1,1,17,80,0.06666666666666667,45,27362.74854838848
Dvina,missile_speed_timing,0.5,100,30,1,1,17,80,0.06666666666666667,45,27362.74854838848
Dvina,missile_propulsion,0.2,25,5,25,5,6,691,0.3333333333333333,45,32406.572131440043
Dvina,missile_propulsion,0.2,25,10,25,10,27,2233,0.4,45,32406.572131440043
Dvina,missile_propulsion,0.2,25,15,25,15,62,4616,0.4,45,32406.572131440043
Dvina,missile_propulsion,0.2,25,20,25,20,83,6542,0.4,45,32406.572131440043
Dvina,missile_propulsion,0.2,25,30,25,25,125,8684,0.4,45,32406.572131440043
Dvina,missile_propulsion,0.2,50,5,45,5,3,2088,0.3333333333333333,45,32406.572131440043
Dvina,missile_propulsion,0.2,50,10,45,10,8,4648,0.6666666666666666,45,32406.572131440043
Dvina,missile_propulsion,0.2,50,15,45,15,8,4883,1.0,45,32406.572131440043
Dvina,missile_propulsion,0.2,50,20,45,20,8,7443,1.0,45,32406.572131440043
Dvina,missile_propulsion,0.2,50,30,45,30,29,11926,1.0,45,32406.572131440043
Dvina,missile_propulsion,0.2,75,5,45,5,3,2088,0.3333333333333333,45,32406.572131440043
Dvina,missile_propulsion,0.2,75,10,45,10,8,4648,0.6666666666666666,45,32406.572131440043
Dvina,missile_propulsion,0.2,75,15,45,15,8,4883,1.0,45,32406.572131440043
Dvina,missile_propulsion,0.2,75,20,45,20,8,7443,1.0,45,32406.572131440043
Dvina,missile_propulsion,0.2,75,30,45,30,29,11926,1.0,45,32406.572131440043
Dvina,missile_propulsion,0.2,100,5,45,5,3,2088,0.3333333333333333,45,32406.572131440043
Dvina,missile_propulsion,0.2,100,10,45,10,8,4648,0.6666666666666666,45,32406.572131440043
Dvina,missile_propulsion,0.2,100,15,45,15,8,4883,1.0,45,32406.572131440043
Dvina,missile_propulsion,0.2,100,20,45,20,8,7443,1.0,45,32406.572131440043
Dvina,missile_propulsion,0.2,100,30,45,30,29,11926,1.0,45,32406.572131440043
Dvina,missile_propulsion,0.25,25,5,25,5,6,691,0.3333333333333333,45,32406.572131440043
Dvina,missile_propulsion,0.25,25,10,25,10,27,2233,0.4,45,32406.572131440043
Dvina,missile_propulsion,0.25,25,15,25,15,62,4616,0.4,45,32406.572131440043
Dvina,missile_propulsion,0.25,25,20,25,20,83,6542,0.4,45,32406.572131440043
Dvina,missile_propulsion,0.25,25,30,25,25,125,8684,0.4,45,32406.572131440043
Dvina,missile_propulsion,0.25,50,5,45,5,3,2088,0.3333333333333333,45,32406.572131440043
Dvina,missile_propulsion,0.25,50,10,45,10,8,4648,0.6666666666666666,45,32406.572131440043
Dvina,missile_propulsion,0.25,50,15,45,15,8,4883,1.0,45,32406.572131440043
Dvina,missile_propulsion,0.25,50,20,45,20,8,7443,1.0,45,32406.572131440043
Dvina,missile_propulsion,0.25,50,30,45,30,29,11926,1.0,45,32406.572131440043
Dvina,missile_propulsion,0.25,75,5,45,5,3,2088,0.3333333333333333,45,32406.572131440043
Dvina,missile_propulsion,0.25,75,10,45,10,8,4648,0.6666666666666666,45,32406.572131440043
Dvina,missile_propulsion,0.25,75,15,45,15,8,4883,1.0,45,32406.572131440043
Dvina,missile_propulsion,0.25,75,20,45,20,8,7443,1.0,45,32406.572131440043
Dvina,missile_propulsion,0.25,75,30,45,30,29,11926,1.0,45,32406.572131440043
Dvina,missile_propulsion,0.25,100,5,45,5,3,2088,0.3333333333333333,45,32406.572131440043
Dvina,missile_propulsion,0.25,100,10,45,10,8,4648,0.6666666666666666,45,32406.572131440043
Dvina,missile_propulsion,0.25,100,15,45,15,8,4883,1.0,45,32406.572131440043
Dvina,missile_propulsion,0.25,100,20,45,20,8,7443,1.0,45,32406.572131440043
Dvina,missile_propulsion,0.25,100,30,45,30,29,11926,1.0,45,32406.572131440043
Dvina,missile_propulsion,0.3,25,5,25,5,6,691,0.3333333333333333,45,32406.572131440043
Dvina,missile_propulsion,0.3,25,10,25,10,27,2233,0.4,45,32406.572131440043
Dvina,missile_propulsion,0.3,25,15,25,15,62,4616,0.4,45,32406.572131440043
Dvina,missile_propulsion,0.3,25,20,25,20,83,6542,0.4,45,32406.572131440043
Dvina,missile_propulsion,0.3,25,30,25,25,125,8684,0.4,45,32406.572131440043
Dvina,missile_propulsion,0.3,50,5,45,5,3,2088,0.3333333333333333,45,32406.572131440043
Dvina,missile_propulsion,0.3,50,10,45,10,8,4648,0.6666666666666666,45,32406.572131440043
Dvina,missile_propulsion,0.3,50,15,45,15,8,4883,1.0,45,32406.572131440043
Dvina,missile_propulsion,0.3,50,20,45,20,8,7443,1.0,45,32406.572131440043
Dvina,missile_propulsion,0.3,50,30,45,30,29,11926,1.0,45,32406.572131440043
Dvina,missile_propulsion,0.3,75,5,45,5,3,2088,0.3333333333333333,45,32406.572131440043
Dvina,missile_propulsion,0.3,75,10,45,10,8,4648,0.6666666666666666,45,32406.572131440043
Dvina,missile_propulsion,0.3,75,15,45,15,8,4883,1.0,45,32406.572131440043
Dvina,missile_propulsion,0.3,75,20,45,20,8,7443,1.0,45,32406.572131440043
Dvina,missile_propulsion,0.3,75,30,45,30,29,11926,1.0,45,32406.572131440043
Dvina,missile_propulsion,0.3,100,5,45,5,3,2088,0.3333333333333333,45,32406.572131440043
Dvina,missile_propulsion,0.3,100,10,45,10,8,4648,0.6666666666666666,45,32406.572131440043
Dvina,missile_propulsion,0.3,100,15,45,15,8,4883,1.0,45,32406.572131440043
Dvina,missile_propulsion,0.3,100,20,45,20,8,7443,1.0,45,32406.572131440043
Dvina,missile_propulsion,0.3,100,30,45,30,29,11926,1.0,45,32406.572131440043
Dvina,missile_propulsion,0.35,25,5,25,5,6,691,0.3333333333333333,45,32406.572131440043
Dvina,missile_propulsion,0.35,25,10,25,10,27,2233,0.4,45,32406.572131440043
Dvina,missile_propulsion,0.35,25,15,25,15,62,4616,0.4,45,32406.572131440043
Dvina,missile_propulsion,0.35,25,20,25,20,83,6542,0.4,45,32406.572131440043
Dvina,missile_propulsion,0.35,25,30,25,25,125,8684,0.4,45,32406.572131440043
Dvina,missile_propulsion,0.35,50,5,45,5,3,2088,0.3333333333333333,45,32406.572131440043
Dvina,missile_propulsion,0.35,50,10,45,10,8,4648,0.6666666666666666,45,32406.572131440043
Dvina,missile_propulsion,0.35,50,15,45,15,8,4883,1.0,45,32406.572131440043
Dvina,missile_propulsion,0.35,50,20,45,20,8,7443,1.0,45,32406.572131440043
Dvina,missile_propulsion,0.35,50,30,45,30,29,11926,1.0,45,32406.572131440043
Dvina,missile_propulsion,0.35,75,5,45,5,3,2088,0.3333333333333333,45,32406.572131440043
Dvina,missile_propulsion,0.35,75,10,45,10,8,4648,0.6666666666666666,45,32406.572131440043
Dvina,missile_propulsion,0.35,75,15,45,15,8,4883,1.0,45,32406.572131440043
Dvina,missile_propulsion,0.35,75,20,45,20,8,7443,1.0,45,32406.572131440043
Dvina,missile_propulsion,0.35,75,30,45,30,29,11926,1.0,45,32406.572131440043
Dvina,missile_propulsion,0.35,100,5,45,5,3,2088,0.3333333333333333,45,32406.572131440043
Dvina,missile_propulsion,0.35,100,10,45,10,8,4648,0.6666666666666666,45,32406.572131440043
Dvina,missile_propulsion,0.35,100,15,45,15,8,4883,1.0,45,32406.572131440043
Dvina,missile_propulsion,0.35,100,20,45,20,8,7443,1.0,45,32406.572131440043
Dvina,missile_propulsion,0.35,100,30,45,30,29,11926,1.0,45,32406.572131440043
Dvina,missile_propulsion,0.4,25,5,11,5,42,1741,0.0,45,32406.572131440043
Dvina,missile_propulsion,0.4,25,10,11,10,57,3688,0.0,45,32406.572131440043
Dvina,missile_propulsion,0.4,25,15,11,11,58,4087,0.0,45,32406.572131440043
Dvina,missile_propulsion,0.4,25,20,11,11,58,4087,0.0,45,32406.572131440043
Dvina,missile_propulsion,0.4,25,30,11,11,58,4087,0.0,45,32406.572131440043
Dvina,missile_propulsion,0.4,50,5,11,5,42,1741,0.0,45,32406.572131440043
Dvina,missile_propulsion,0.4,50,10,11,10,57,3688,0.0,45,32406.572131440043
Dvina,missile_propulsion,0.4,50,15,11,11,58,4087,0.0,45,32406.572131440043
Dvina,missile_propulsion,0.4,50,20,11,11,58,4087,0.0,45,32406.572131440043
Dvina,missile_propulsion,0.4,50,30,11,11,58,4087,0.0,45,32406.572131440043
Dvina,missile_propulsion,0.4,75,5,11,5,42,1741,0.0,45,32406.572131440043
Dvina,missile_propulsion,0.4,75,10,11,10,57,3688,0.0,45,32406.572131440043
Dvina,missile_propulsion,0.4,75,15,11,11,58,4087,0.0,45,32406.572131440043
Dvina,missile_propulsion,0.4,75,20,11,11,58,4087,0.0,45,32406.572131440043
Dvina,missile_propulsion,0.4,75,30,11,11,58,4087,0.0,45,32406.572131440043
Dvina,missile_propulsion,0.4,100,5,11,5,42,1741,0.0,45,32406.572131440043
Dvina,missile_propulsion,0.4,100,10,11,10,57,3688,0.0,45,32406.572131440043
Dvina,missile_propulsion,0.4,100,15,11,11,58,4087,0.0,45,32406.572131440043
Dvina,missile_propulsion,0.4,100,20,11,11,58,4087,0.0,45,32406.572131440043
Dvina,missile_propulsion,0.4,100,30,11,11,58,4087,0.0,45,32406.572131440043
Dvina,missile_propulsion,0.45,25,5,2,2,19,479,0.0,45,32406.572131440043
Dvina,missile_propulsion,0.45,25,10,2,2,19,479,0.0,45,32406.572131440043
Dvina,missile_propulsion,0.45,25,15,2,2,19,479,0.0,45,32406.572131440043
Dvina,missile_propulsion,0.45,25,20,2,2,19,479,0.0,45,32406.572131440043
Dvina,missile_propulsion,0.45,25,30,2,2,19,479,0.0,45,32406.572131440043
Dvina,missile_propulsion,0.45,50,5,2,2,19,479,0.0,45,32406.572131440043
Dvina,missile_propulsion,0.45,50,10,2,2,19,479,0.0,45,32406.572131440043
Dvina,missile_propulsion,0.45,50,15,2,2,19,479,0.0,45,32406.572131440043
Dvina,missile_propulsion,0.45,50,20,2,2,19,479,0.0,45,32406.572131440043
Dvina,missile_propulsion,0.45,50,30,2,2,19,479,0.0,45,32406.572131440043
Dvina,missile_propulsion,0.45,75,5,2,2,19,479,0.0,45,32406.572131440043
Dvina,missile_propulsion,0.45,75,10,2,2,19,479,0.0,45,32406.572131440043
Dvina,missile_propulsion,0.45,75,15,2,2,19,479,0.0,45,32406.572131440043
Dvina,missile_propulsion,0.45,75,20,2,2,19,479,0.0,45,32406.572131440043
Dvina,missile_propulsion,0.45,75,30,2,2,19,479,0.0,45,32406.572131440043
Dvina,missile_propulsion,0.45,100,5,2,2,19,479,0.0,45,32406.572131440043
Dvina,missile_propulsion,0.45,100,10,2,2,19,479,0.0,45,32406.572131440043
Dvina,missile_propulsion,0.45,100,15,2,2,19,479,0.0,45,32406.572131440043
Dvina,missile_propulsion,0.45,100,20,2,2,19,479,0.0,45,32406.572131440043
Dvina,missile_propulsion,0.45,100,30,2,2,19,479,0.0,45,32406.572131440043
Dvina,missile_propulsion,0.5,25,5,1,1,17,80,0.0,45,32406.572131440043
Dvina,missile_propulsion,0.5,25,10,1,1,17,80,0.0,45,32406.572131440043
Dvina,missile_propulsion,0.5,25,15,1,1,17,80,0.0,45,32406.572131440043
Dvina,missile_propulsion,0.5,25,20,1,1,17,80,0.0,45,32406.572131440043
Dvina,missile_propulsion,0.5,25,30,1,1,17,80,0.0,45,32406.572131440043
Dvina,missile_propulsion,0.5,50,5,1,1,17,80,0.0,45,32406.572131440043
Dvina,missile_propulsion,0.5,50,10,1,1,17,80,0.0,45,32406.572131440043
Dvina,missile_propulsion,0.5,50,15,1,1,17,80,0.0,45,32406.572131440043
Dvina,missile_propulsion,0.5,50,20,1,1,17,80,0.0,45,32406.572131440043
Dvina,missile_propulsion,0.5,50,30,1,1,17,80,0.0,45,32406.572131440043
Dvina,missile_propulsion,0.5,75,5,1,1,17,80,0.0,45,32406.572131440043
Dvina,missile_propulsion,0.5,75,10,1,1,17,80,0.0,45,32406.572131440043
Dvina,missile_propulsion,0.5,75,15,1,1,17,80,0.0,45,32406.572131440043
Dvina,missile_propulsion,0.5,75,20,1,1,17,80,0.0,45,32406.572131440043
Dvina,missile_propulsion,0.5,75,30,1,1,17,80,0.0,45,32406.572131440043
Dvina,missile_propulsion,0.5,100,5,1,1,17,80,0.0,45,32406.572131440043
Dvina,missile_propulsion,0.5,100,10,1,1,17,80,0.0,45,32406.572131440043
Dvina,missile_propulsion,0.5,100,15,1,1,17,80,0.0,45,32406.572131440043
Dvina,missile_propulsion,0.5,100,20,1,1,17,80,0.0,45,32406.572131440043
Dvina,missile_propulsion,0.5,100,30,1,1,17,80,0.0,45,32406.572131440043
SA-2,radar_power_rf,0.2,25,5,25,5,11,1945,0.3333333333333333,42,17314.345384016633
SA-2,radar_power_rf,0.2,25,10,25,10,23,4208,0.6666666666666666,42,17314.345384016633
SA-2,radar_power_rf,0.2,25,15,25,15,35,5815,0.7333333333333333,42,17314.345384016633
SA-2,radar_power_rf,0.2,25,20,25,20,48,7778,0.7333333333333333,42,17314.345384016633
SA-2,radar_power_rf,0.2,25,30,25,25,59,9884,0.7333333333333333,42,17314.345384016633
SA-2,radar_power_rf,0.2,50,5,42,5,12,1316,0.3333333333333333,42,17314.345384016633
SA-2,radar_power_rf,0.2,50,10,42,10,26,3448,0.6666666666666666,42,17314.345384016633
SA-2,radar_power_rf,0.2,50,15,42,15,39,5741,1.0,42,17314.345384016633
SA-2,radar_power_rf,0.2,50,20,42,20,52,7645,1.0,42,17314.345384016633
SA-2,radar_power_rf,0.2,50,30,42,30,82,11363,1.0,42,17314.345384016633
SA-2,radar_power_rf,0.2,75,5,42,5,12,1316,0.3333333333333333,42,17314.345384016633
SA-2,radar_power_rf,0.2,75,10,42,10,26,3448,0.6666666666666666,42,17314.345384016633
SA-2,radar_power_rf,0.2,75,15,42,15,39,5741,1.0,42,17314.345384016633
SA-2,radar_power_rf,0.2,75,20,42,20,52,7645,1.0,42,17314.345384016633
SA-2,radar_power_rf,0.2,75,30,42,30,82,11363,1.0,42,17314.345384016633
SA-2,radar_power_rf,0.2,100,5,42,5,12,1316,0.3333333333333333,42,17314.345384016633
SA-2,radar_power_rf,0.2,100,10,42,10,26,3448,0.6666666666666666,42,17314.345384016633
SA-2,radar_power_rf,0.2,100,15,42,15,39,5741,1.0,42,17314.345384016633
SA-2,radar_power_rf,0.2,100,20,42,20,52,7645,1.0,42,17314.345384016633
SA-2,radar_power_rf,0.2,100,30,42,30,82,11363,1.0,42,17314.345384016633
SA-2,radar_power_rf,0.25,25,5,25,5,11,1945,0.3333333333333333,42,17314.345384016633
SA-2,radar_power_rf,0.25,25,10,25,10,23,4208,0.6666666666666666,42,17314.345384016633
SA-2,radar_power_rf,0.25,25,15,25,15,35,5815,0.7333333333333333,42,17314.345384016633
SA-2,radar_power_rf,0.25,25,20,25,20,48,7778,0.7333333333333333,42,17314.345384016633
SA-2,radar_power_rf,0.25,25,30,25,25,59,9884,0.7333333333333333,42,17314.345384016633
SA-2,radar_power_rf,0.25,50,5,42,5,12,1316,0.3333333333333333,42,17314.345384016633
SA-2,radar_power_rf,0.25,50,10,42,10,26,3448,0.6666666666666666,42,17314.345384016633
SA-2,radar_power_rf,0.25,50,15,42,15,39,5741,1.0,42,17314.345384016633
SA-2,radar_power_rf,0.25,50,20,42,20,52,7645,1.0,42,17314.345384016633
SA-2,radar_power_rf,0.25,50,30,42,30,82,11363,1.0,42,17314.345384016633
SA-2,radar_power_rf,0.25,75,5,42,5,12,1316,0.3333333333333333,42,17314.345384016633
SA-2,radar_power_rf,0.25,75,10,42,10,26,3448,0.6666666666666666,42,17314.345384016633
SA-2,radar_power_rf,0.25,75,15,42,15,39,5741,1.0,42,17314.345384016633
SA-2,radar_power_rf,0.25,75,20,42,20,52,7645,1.0,42,17314.345384016633
SA-2,radar_power_rf,0.25,75,30,42,30,82,11363,1.0,42,17314.345384016633
SA-2,radar_power_rf,0.25,100,5,42,5,12,1316,0.3333333333333333,42,17314.345384016633
SA-2,radar_power_rf,0.25,100,10,42,10,26,3448,0.6666666666666666,42,17314.345384016633
SA-2,radar_power_rf,0.25,100,15,42,15,39,5741,1.0,42,17314.345384016633
SA-2,radar_power_rf,0.25,100,20,42,20,52,7645,1.0,42,17314.345384016633
SA-2,radar_power_rf,0.25,100,30,42,30,82,11363,1.0,42,17314.345384016633
SA-2,radar_power_rf,0.3,25,5,25,5,11,1945,0.3333333333333333,42,17314.345384016633
SA-2,radar_power_rf,0.3,25,10,25,10,23,4208,0.6666666666666666,42,17314.345384016633
SA-2,radar_power_rf,0.3,25,15,25,15,35,5815,0.7333333333333333,42,17314.345384016633
SA-2,radar_power_rf,0.3,25,20,25,20,48,7778,0.7333333333333333,42,17314.345384016633
SA-2,radar_power_rf,0.3,25,30,25,25,59,9884,0.7333333333333333,42,17314.345384016633
SA-2,radar_power_rf,0.3,50,5,42,5,12,1316,0.3333333333333333,42,17314.345384016633
SA-2,radar_power_rf,0.3,50,10,42,10,26,3448,0.6666666666666666,42,17314.345384016633
SA-2,radar_power_rf,0.3,50,15,42,15,39,5741,1.0,42,17314.345384016633
SA-2,radar_power_rf,0.3,50,20,42,20,52,7645,1.0,42,17314.345384016633
SA-2,radar_power_rf,0.3,50,30,42,30,82,11363,1.0,42,17314.345384016633
SA-2,radar_power_rf,0.3,75,5,42,5,12,1316,0.3333333333333333,42,17314.345384016633
SA-2,radar_power_rf,0.3,75,10,42,10,26,3448,0.6666666666666666,42,17314.345384016633
SA-2,radar_power_rf,0.3,75,15,42,15,39,5741,1.0,42,17314.345384016633
SA-2,radar_power_rf,0.3,75,20,42,20,52,7645,1.0,42,17314.345384016633
SA-2,radar_power_rf,0.3,75,30,42,30,82,11363,1.0,42,17314.345384016633
SA-2,radar_power_rf,0.3,100,5,42,5,12,1316,0.3333333333333333,42,17314.345384016633
SA-2,radar_power_rf,0.3,100,10,42,10,26,3448,0.6666666666666666,42,17314.345384016633
SA-2,radar_power_rf,0.3,100,15,42,15,39,5741,1.0,42,17314.345384016633
SA-2,radar_power_rf,0.3,100,20,42,20,52,7645,1.0,42,17314.345384016633
SA-2,radar_power_rf,0.3,100,30,42,30,82,11363,1.0,42,17314.345384016633
SA-2,radar_power_rf,0.35,25,5,25,5,11,1945,0.3333333333333333,42,17314.345384016633
SA-2,radar_power_rf,0.35,25,10,25,10,23,4208,0.6666666666666666,42,17314.345384016633
SA-2,radar_power_rf,0.35,25,15,25,15,35,5815,0.7333333333333333,42,17314.345384016633
SA-2,radar_power_rf,0.35,25,20,25,20,48,7778,0.7333333333333333,42,17314.345384016633
SA-2,radar_power_rf,0.35,25,30,25,25,59,9884,0.7333333333333333,42,17314.345384016633
SA-2,radar_power_rf,0.35,50,5,39,5,12,1316,0.3333333333333333,42,17314.345384016633
SA-2,radar_power_rf,0.35,50,10,39,10,26,3448,0.6666666666666666,42,17314.345384016633
SA-2,radar_power_rf,0.35,50,15,39,15,39,5741,1.0,42,17314.345384016633
SA-2,radar_power_rf,0.35,50,20,39,20,50,7274,1.0,42,17314.345384016633
SA-2,radar_power_rf,0.35,50,30,39,30,81,11348,1.0,42,17314.345384016633
SA-2,radar_power_rf,0.35,75,5,39,5,12,1316,0.3333333333333333,42,17314.345384016633
SA-2,radar_power_rf,0.35,75,10,39,10,26,3448,0.6666666666666666,42,17314.345384016633
SA-2,radar_power_rf,0.35,75,15,39,15,39,5741,1.0,42,17314.345384016633
SA-2,radar_power_rf,0.35,75,20,39,20,50,7274,1.0,42,17314.345384016633
SA-2,radar_power_rf,0.35,75,30,39,30,81,11348,1.0,42,17314.345384016633
SA-2,radar_power_rf,0.35,100,5,39,5,12,1316,0.3333333333333333,42,17314.345384016633
SA-2,radar_power_rf,0.35,100,10,39,10,26,3448,0.6666666666666666,42,17314.345384016633
SA-2,radar_power_rf,0.35,100,15,39,15,39,5741,1.0,42,17314.345384016633
SA-2,radar_power_rf,0.35,100,20,39,20,50,7274,1.0,42,17314.345384016633
SA-2,radar_power_rf,0.35,100,30,39,30,81,11348,1.0,42,17314.345384016633
SA-2,radar_power_rf,0.4,25,5,25,5,11,1945,0.3333333333333333,42,17314.345384016633
SA-2,radar_power_rf,0.4,25,10,25,10,23,4208,0.6666666666666666,42,17314.345384016633
SA-2,radar_power_rf,0.4,25,15,25,15,35,5815,0.7333333333333333,42,17314.345384016633
SA-2,radar_power_rf,0.4,25,20,25,20,48,7778,0.7333333333333333,42,17314.345384016633
SA-2,radar_power_rf,0.4,25,30,25,25,59,9884,0.7333333333333333,42,17314.345384016633
SA-2,radar_power_rf,0.4,50,5,33,5,10,1931,0.3333333333333333,42,17314.345384016633
SA-2,radar_power_rf,0.4,50,10,33,10,24,4017,0.6666666666666666,42,17314.345384016633
SA-2,radar_power_rf,0.4,50,15,33,15,38,6101,0.8666666666666667,42,17314.345384016633
SA-2,radar_power_rf,0.4,50,20,33,20,48,7763,0.8666666666666667,42,17314.345384016633
SA-2,radar_power_rf,0.4,50,30,33,30,75,11943,0.8666666666666667,42,17314.345384016633
SA-2,radar_power_rf,0.4,75,5,33,5,10,1931,0.3333333333333333,42,17314.345384016633
SA-2,radar_power_rf,0.4,75,10,33,10,24,4017,0.6666666666666666,42,17314.345384016633
SA-2,radar_power_rf,0.4,75,15,33,15,38,6101,0.8666666666666667,42,17314.345384016633
SA-2,radar_power_rf,0.4,75,20,33,20,48,7763,0.8666666666666667,42,17314.345384016633
SA-2,radar_power_rf,0.4,75,30,33,30,75,11943,0.8666666666666667,42,17314.345384016633
SA-2,radar_power_rf,0.4,100,5,33,5,10,1931,0.3333333333333333,42,17314.345384016633
SA-2,radar_power_rf,0.4,100,10,33,10,24,4017,0.6666666666666666,42,17314.345384016633
SA-2,radar_power_rf,0.4,100,15,33,15,38,6101,0.8666666666666667,42,17314.345384016633
SA-2,radar_power_rf,0.4,100,20,33,20,48,7763,0.8666666666666667,42,17314.345384016633
SA-2,radar_power_rf,0.4,100,30,33,30,75,11943,0.8666666666666667,42,17314.345384016633
SA-2,radar_power_rf,0.45,25,5,17,5,9,1936,0.3333333333333333,42,17314.345384016633
SA-2,radar_power_rf,0.45,25,10,17,10,24,3949,0.5333333333333333,42,17314.345384016633
SA-2,radar_power_rf,0.45,25,15,17,15,36,6052,0.5333333333333333,42,17314.345384016633
SA-2,radar_power_rf,0.45,25,20,17,17,39,6802,0.5333333333333333,42,17314.345384016633
SA-2,radar_power_rf,0.45,25,30,17,17,39,6802,0.5333333333333333,42,17314.345384016633
SA-2,radar_power_rf,0.45,50,5,17,5,9,1936,0.3333333333333333,42,17314.345384016633
SA-2,radar_power_rf,0.45,50,10,17,10,24,3949,0.5333333333333333,42,17314.345384016633
SA-2,radar_power_rf,0.45,50,15,17,15,36,6052,0.5333333333333333,42,17314.345384016633
SA-2,radar_power_rf,0.45,50,20,17,17,39,6802,0.5333333333333333,42,17314.345384016633
SA-2,radar_power_rf,0.45,50,30,17,17,39,6802,0.5333333333333333,42,17314.345384016633
SA-2,radar_power_rf,0.45,75,5,17,5,9,1936,0.3333333333333333,42,17314.345384016633
SA-2,radar_power_rf,0.45,75,10,17,10,24,3949,0.5333333333333333,42,17314.345384016633
SA-2,radar_power_rf,0.45,75,15,17,15,36,6052,0.5333333333333333,42,17314.345384016633
SA-2,radar_power_rf,0.45,75,20,17,17,39,6802,0.5333333333333333,42,17314.345384016633
SA-2,radar_power_rf,0.45,75,30,17,17,39,6802,0.5333333333333333,42,17314.345384016633
SA-2,radar_power_rf,0.45,100,5,17,5,9,1936,0.3333333333333333,42,17314.345384016633
SA-2,radar_power_rf,0.45,100,10,17,10,24,3949,0.5333333333333333,42,17314.345384016633
SA-2,radar_power_rf,0.45,100,15,17,15,36,6052,0.5333333333333333,42,17314.345384016633
SA-2,radar_power_rf,0.45,100,20,17,17,39,6802,0.5333333333333333,42,17314.345384016633
SA-2,radar_power_rf,0.45,100,30,17,17,39,6802,0.5333333333333333,42,17314.345384016633
SA-2,radar_power_rf,0.5,25,5,1,1,4,505,0.06666666666666667,42,17314.345384016633
SA-2,radar_power_rf,0.5,25,10,1,1,4,505,0.06666666666666667,42,17314.345384016633
SA-2,radar_power_rf,0.5,25,15,1,1,4,505,0.06666666666666667,42,17314.345384016633
SA-2,radar_power_rf,0.5,25,20,1,1,4,505,0.06666666666666667,42,17314.345384016633
SA-2,radar_power_rf,0.5,25,30,1,1,4,505,0.06666666666666667,42,17314.345384016633
SA-2,radar_power_rf,0.5,50,5,1,1,4,505,0.06666666666666667,42,17314.345384016633
SA-2,radar_power_rf,0.5,50,10,1,1,4,505,0.06666666666666667,42,17314.345384016633
SA-2,radar_power_rf,0.5,50,15,1,1,4,505,0.06666666666666667,42,17314.345384016633
SA-2,radar_power_rf,0.5,50,20,1,1,4,505,0.06666666666666667,42,17314.345384016633
SA-2,radar_power_rf,0.5,50,30,1,1,4,505,0.06666666666666667,42,17314.345384016633
SA-2,radar_power_rf,0.5,75,5,1,1,4,505,0.06666666666666667,42,17314.345384016633
SA-2,radar_power_rf,0.5,75,10,1,1,4,505,0.06666666666666667,42,17314.345384016633
SA-2,radar_power_rf,0.5,75,15,1,1,4,505,0.06666666666666667,42,17314.345384016633
SA-2,radar_power_rf,0.5,75,20,1,1,4,505,0.06666666666666667,42,17314.345384016633
SA-2,radar_power_rf,0.5,75,30,1,1,4,505,0.06666666666666667,42,17314.345384016633
SA-2,radar_power_rf,0.5,100,5,1,1,4,505,0.06666666666666667,42,17314.345384016633
SA-2,radar_power_rf,0.5,100,10,1,1,4,505,0.06666666666666667,42,17314.345384016633
SA-2,radar_power_rf,0.5,100,15,1,1,4,505,0.06666666666666667,42,17314.345384016633
SA-2,radar_power_rf,0.5,100,20,1,1,4,505,0.06666666666666667,42,17314.345384016633
SA-2,radar_power_rf,0.5,100,30,1,1,4,505,0.06666666666666667,42,17314.345384016633
SA-2,radar_antenna,0.2,25,5,25,5,14,2481,0.3333333333333333,42,25112.16527596116
SA-2,radar_antenna,0.2,25,10,25,10,25,4730,0.6666666666666666,42,25112.16527596116
SA-2,radar_antenna,0.2,25,15,25,15,37,7050,0.8666666666666667,42,25112.16527596116
SA-2,radar_antenna,0.2,25,20,25,20,49,9045,0.8666666666666667,42,25112.16527596116
SA-2,radar_antenna,0.2,25,30,25,25,58,10581,0.8666666666666667,42,25112.16527596116
SA-2,radar_antenna,0.2,50,5,42,5,12,2063,0.3333333333333333,42,25112.16527596116
SA-2,radar_antenna,0.2,50,10,42,10,24,4326,0.6666666666666666,42,25112.16527596116
SA-2,radar_antenna,0.2,50,15,42,15,39,6429,1.0,42,25112.16527596116
SA-2,radar_antenna,0.2,50,20,42,20,50,8498,1.0,42,25112.16527596116
SA-2,radar_antenna,0.2,50,30,42,30,83,12359,1.0,42,25112.16527596116
SA-2,radar_antenna,0.2,75,5,42,5,12,2063,0.3333333333333333,42,25112.16527596116
SA-2,radar_antenna,0.2,75,10,42,10,24,4326,0.6666666666666666,42,25112.16527596116
SA-2,radar_antenna,0.2,75,15,42,15,39,6429,1.0,42,25112.16527596116
SA-2,radar_antenna,0.2,75,20,42,20,50,8498,1.0,42,25112.16527596116
SA-2,radar_antenna,0.2,75,30,42,30,83,12359,1.0,42,25112.16527596116
SA-2,radar_antenna,0.2,100,5,42,5,12,2063,0.3333333333333333,42,25112.16527596116
SA-2,radar_antenna,0.2,100,10,42,10,24,4326,0.6666666666666666,42,25112.16527596116
SA-2,radar_antenna,0.2,100,15,42,15,39,6429,1.0,42,25112.16527596116
SA-2,radar_antenna,0.2,100,20,42,20,50,8498,1.0,42,25112.16527596116
SA-2,radar_antenna,0.2,100,30,42,30,83,12359,1.0,42,25112.16527596116
SA-2,radar_antenna,0.25,25,5,25,5,14,2481,0.3333333333333333,42,25112.16527596116
SA-2,radar_antenna,0.25,25,10,25,10,25,4730,0.6666666666666666,42,25112.16527596116
SA-2,radar_antenna,0.25,25,15,25,15,37,7050,0.8666666666666667,42,25112.16527596116
SA-2,radar_antenna,0.25,25,20,25,20,49,9045,0.8666666666666667,42,25112.16527596116
SA-2,radar_antenna,0.25,25,30,25,25,58,10581,0.8666666666666667,42,25112.16527596116
SA-2,radar_antenna,0.25,50,5,42,5,12,2063,0.3333333333333333,42,25112.16527596116
SA-2,radar_antenna,0.25,50,10,42,10,24,4326,0.6666666666666666,42,25112.16527596116
SA-2,radar_antenna,0.25,50,15,42,15,39,6429,1.0,42,25112.16527596116
SA-2,radar_antenna,0.25,50,20,42,20,50,8498,1.0,42,25112.16527596116
SA-2,radar_antenna,0.25,50,30,42,30,83,12359,1.0,42,25112.16527596116
SA-2,radar_antenna,0.25,75,5,42,5,12,2063,0.3333333333333333,42,25112.16527596116
SA-2,radar_antenna,0.25,75,10,42,10,24,4326,0.6666666666666666,42,25112.16527596116
SA-2,radar_antenna,0.25,75,15,42,15,39,6429,1.0,42,25112.16527596116
SA-2,radar_antenna,0.25,75,20,42,20,50,8498,1.0,42,25112.16527596116
SA-2,radar_antenna,0.25,75,30,42,30,83,12359,1.0,42,25112.16527596116
SA-2,radar_antenna,0.25,100,5,42,5,12,2063,0.3333333333333333,42,25112.16527596116
SA-2,radar_antenna,0.25,100,10,42,10,24,4326,0.6666666666666666,42,25112.16527596116
SA-2,radar_antenna,0.25,100,15,42,15,39,6429,1.0,42,25112.16527596116
SA-2,radar_antenna,0.25,100,20,42,20,50,8498,1.0,42,25112.16527596116
SA-2,radar_antenna,0.25,100,30,42,30,83,12359,1.0,42,25112.16527596116
SA-2,radar_antenna,0.3,25,5,25,5,14,2481,0.3333333333333333,42,25112.16527596116
SA-2,radar_antenna,0.3,25,10,25,10,25,4730,0.6666666666666666,42,25112.16527596116
SA-2,radar_antenna,0.3,25,15,25,15,37,7050,0.8666666666666667,42,25112.16527596116
SA-2,radar_antenna,0.3,25,20,25,20,49,9045,0.8666666666666667,42,25112.16527596116
SA-2,radar_antenna,0.3,25,30,25,25,58,10581,0.8666666666666667,42,25112.16527596116
SA-2,radar_antenna,0.3,50,5,42,5,12,2063,0.3333333333333333,42,25112.16527596116
SA-2,radar_antenna,0.3,50,10,42,10,24,4326,0.6666666666666666,42,25112.16527596116
SA-2,radar_antenna,0.3,50,15,42,15,39,6429,1.0,42,25112.16527596116
SA-2,radar_antenna,0.3,50,20,42,20,50,8498,1.0,42,25112.16527596116
SA-2,radar_antenna,0.3,50,30,42,30,83,12359,1.0,42,25112.16527596116
SA-2,radar_antenna,0.3,75,5,42,5,12,2063,0.3333333333333333,42,25112.16527596116
SA-2,radar_antenna,0.3,75,10,42,10,24,4326,0.6666666666666666,42,25112.16527596116
SA-2,radar_antenna,0.3,75,15,42,15,39,6429,1.0,42,25112.16527596116
SA-2,radar_antenna,0.3,75,20,42,20,50,8498,1.0,42,25112.16527596116
SA-2,radar_antenna,0.3,75,30,42,30,83,12359,1.0,42,25112.16527596116
SA-2,radar_antenna,0.3,100,5,42,5,12,2063,0.3333333333333333,42,25112.16527596116
SA-2,radar_antenna,0.3,100,10,42,10,24,4326,0.6666666666666666,42,25112.16527596116
SA-2,radar_antenna,0.3,100,15,42,15,39,6429,1.0,42,25112.16527596116
SA-2,radar_antenna,0.3,100,20,42,20,50,8498,1.0,42,25112.16527596116
SA-2,radar_antenna,0.3,100,30,42,30,83,12359,1.0,42,25112.16527596116
SA-2,radar_antenna,0.35,25,5,25,5,14,2481,0.3333333333333333,42,25112.16527596116
SA-2,radar_antenna,0.35,25,10,25,10,25,4730,0.6666666666666666,42,25112.16527596116
SA-2,radar_antenna,0.35,25,15,25,15,37,7050,0.8666666666666667,42,25112.16527596116
SA-2,radar_antenna,0.35,25,20,25,20,49,9045,0.8666666666666667,42,25112.16527596116
SA-2,radar_antenna,0.35,25,30,25,25,58,10581,0.8666666666666667,42,25112.16527596116
SA-2,radar_antenna,0.35,50,5,41,5,12,2063,0.3333333333333333,42,25112.16527596116
SA-2,radar_antenna,0.35,50,10,41,10,24,4326,0.6666666666666666,42,25112.16527596116
SA-2,radar_antenna,0.35,50,15,41,15,39,6429,1.0,42,25112.16527596116
SA-2,radar_antenna,0.35,50,20,41,20,50,8498,1.0,42,25112.16527596116
SA-2,radar_antenna,0.35,50,30,41,30,82,12153,1.0,42,25112.16527596116
SA-2,radar_antenna,0.35,75,5,41,5,12,2063,0.3333333333333333,42,25112.16527596116
SA-2,radar_antenna,0.35,75,10,41,10,24,4326,0.6666666666666666,42,25112.16527596116
SA-2,radar_antenna,0.35,75,15,41,15,39,6429,1.0,42,25112.16527596116
SA-2,radar_antenna,0.35,75,20,41,20,50,8498,1.0,42,25112.16527596116
SA-2,radar_antenna,0.35,75,30,41,30,82,12153,1.0,42,25112.16527596116
SA-2,radar_antenna,0.35,100,5,41,5,12,2063,0.3333333333333333,42,25112.16527596116
SA-2,radar_antenna,0.35,100,10,41,10,24,4326,0.6666666666666666,42,25112.16527596116
SA-2,radar_antenna,0.35,100,15,41,15,39,6429,1.0,42,25112.16527596116
SA-2,radar_antenna,0.35,100,20,41,20,50,8498,1.0,42,25112.16527596116
SA-2,radar_antenna,0.35,100,30,41,30,82,12153,1.0,42,25112.16527596116
SA-2,radar_antenna,0.4,25,5,25,5,14,2481,0.3333333333333333,42,25112.16527596116
SA-2,radar_antenna,0.4,25,10,25,10,25,4730,0.6666666666666666,42,25112.16527596116
SA-2,radar_antenna,0.4,25,15,25,15,37,7050,0.8666666666666667,42,25112.16527596116
SA-2,radar_antenna,0.4,25,20,25,20,49,9045,0.8666666666666667,42,25112.16527596116
SA-2,radar_antenna,0.4,25,30,25,25,58,10581,0.8666666666666667,42,25112.16527596116
SA-2,radar_antenna,0.4,50,5,36,5,14,2481,0.3333333333333333,42,25112.16527596116
SA-2,radar_antenna,0.4,50,10,36,10,26,4454,0.6666666666666666,42,25112.16527596116
SA-2,radar_antenna,0.4,50,15,36,15,39,6813,0.9333333333333333,42,25112.16527596116
SA-2,radar_antenna,0.4,50,20,36,20,52,8920,0.9333333333333333,42,25112.16527596116
SA-2,radar_antenna,0.4,50,30,36,30,82,12278,0.9333333333333333,42,25112.16527596116
SA-2,radar_antenna,0.4,75,5,36,5,14,2481,0.3333333333333333,42,25112.16527596116
SA-2,radar_antenna,0.4,75,10,36,10,26,4454,0.6666666666666666,42,25112.16527596116
SA-2,radar_antenna,0.4,75,15,36,15,39,6813,0.9333333333333333,42,25112.16527596116
SA-2,radar_antenna,0.4,75,20,36,20,52,8920,0.9333333333333333,42,25112.16527596116
SA-2,radar_antenna,0.4,75,30,36,30,82,12278,0.9333333333333333,42,25112.16527596116
SA-2,radar_antenna,0.4,100,5,36,5,14,2481,0.3333333333333333,42,25112.16527596116
SA-2,radar_antenna,0.4,100,10,36,10,26,4454,0.6666666666666666,42,25112.16527596116
SA-2,radar_antenna,0.4,100,15,36,15,39,6813,0.9333333333333333,42,25112.16527596116
SA-2,radar_antenna,0.4,100,20,36,20,52,8920,0.9333333333333333,42,25112.16527596116
SA-2,radar_antenna,0.4,100,30,36,30,82,12278,0.9333333333333333,42,25112.16527596116
SA-2,radar_antenna,0.45,25,5,25,5,14,2481,0.3333333333333333,42,25112.16527596116
SA-2,radar_antenna,0.45,25,10,25,10,25,4730,0.6666666666666666,42,25112.16527596116
SA-2,radar_antenna,0.45,25,15,25,15,37,7050,0.8666666666666667,42,25112.16527596116
SA-2,radar_antenna,0.45,25,20,25,20,49,9045,0.8666666666666667,42,25112.16527596116
SA-2,radar_antenna,0.45,25,30,25,25,58,10581,0.8666666666666667,42,25112.16527596116
SA-2,radar_antenna,0.45,50,5,29,5,14,2481,0.3333333333333333,42,25112.16527596116
SA-2,radar_antenna,0.45,50,10,29,10,25,4730,0.6666666666666666,42,25112.16527596116
SA-2,radar_antenna,0.45,50,15,29,15,37,7050,0.8666666666666667,42,25112.16527596116
SA-2,radar_antenna,0.45,50,20,29,20,51,9173,0.8666666666666667,42,25112.16527596116
SA-2,radar_antenna,0.45,50,30,29,29,72,12368,0.8666666666666667,42,25112.16527596116
SA-2,radar_antenna,0.45,75,5,29,5,14,2481,0.3333333333333333,42,25112.16527596116
SA-2,radar_antenna,0.45,75,10,29,10,25,4730,0.6666666666666666,42,25112.16527596116
SA-2,radar_antenna,0.45,75,15,29,15,37,7050,0.8666666666666667,42,25112.16527596116
SA-2,radar_antenna,0.45,75,20,29,20,51,9173,0.8666666666666667,42,25112.16527596116
SA-2,radar_antenna,0.45,75,30,29,29,72,12368,0.8666666666666667,42,25112.16527596116
SA-2,radar_antenna,0.45,100,5,29,5,14,2481,0.3333333333333333,42,25112.16527596116
SA-2,radar_antenna,0.45,100,10,29,10,25,4730,0.6666666666666666,42,25112.16527596116
SA-2,radar_antenna,0.45,100,15,29,15,37,7050,0.8666666666666667,42,25112.16527596116
SA-2,radar_antenna,0.45,100,20,29,20,51,9173,0.8666666666666667,42,25112.16527596116
SA-2,radar_antenna,0.45,100,30,29,29,72,12368,0.8666666666666667,42,25112.16527596116
SA-2,radar_antenna,0.5,25,5,21,5,14,2481,0.3333333333333333,42,25112.16527596116
SA-2,radar_antenna,0.5,25,10,21,10,25,4720,0.6666666666666666,42,25112.16527596116
SA-2,radar_antenna,0.5,25,15,21,15,38,6794,0.7333333333333333,42,25112.16527596116
SA-2,radar_antenna,0.5,25,20,21,20,48,8306,0.7333333333333333,42,25112.16527596116
SA-2,radar_antenna,0.5,25,30,21,21,50,8688,0.7333333333333333,42,25112.16527596116
SA-2,radar_antenna,0.5,50,5,21,5,14,2481,0.3333333333333333,42,25112.16527596116
SA-2,radar_antenna,0.5,50,10,21,10,25,4720,0.6666666666666666,42,25112.16527596116
SA-2,radar_antenna,0.5,50,15,21,15,38,6794,0.7333333333333333,42,25112.16527596116
SA-2,radar_antenna,0.5,50,20,21,20,48,8306,0.7333333333333333,42,25112.16527596116
SA-2,radar_antenna,0.5,50,30,21,21,50,8688,0.7333333333333333,42,25112.16527596116
SA-2,radar_antenna,0.5,75,5,21,5,14,2481,0.3333333333333333,42,25112.16527596116
SA-2,radar_antenna,0.5,75,10,21,10,25,4720,0.6666666666666666,42,25112.16527596116
SA-2,radar_antenna,0.5,75,15,21,15,38,6794,0.7333333333333333,42,25112.16527596116
SA-2,radar_antenna,0.5,75,20,21,20,48,8306,0.7333333333333333,42,25112.16527596116
SA-2,radar_antenna,0.5,75,30,21,21,50,8688,0.7333333333333333,42,25112.16527596116
SA-2,radar_antenna,0.5,100,5,21,5,14,2481,0.3333333333333333,42,25112.16527596116
SA-2,radar_antenna,0.5,100,10,21,10,25,4720,0.6666666666666666,42,25112.16527596116
SA-2,radar_antenna,0.5,100,15,21,15,38,6794,0.7333333333333333,42,25112.16527596116
SA-2,radar_antenna,0.5,100,20,21,20,48,8306,0.7333333333333333,42,25112.16527596116
SA-2,radar_antenna,0.5,100,30,21,21,50,8688,0.7333333333333333,42,25112.16527596116
SA-2,radar_timing,0.2,25,5,25,5,12,2234,0.3333333333333333,42,17077.687887474895
SA-2,radar_timing,0.2,25,10,25,10,24,3972,0.6666666666666666,42,17077.687887474895
SA-2,radar_timing,0.2,25,15,25,15,36,6177,0.7333333333333333,42,17077.687887474895
SA-2,radar_timing,0.2,25,20,25,20,47,8160,0.7333333333333333,42,17077.687887474895
SA-2,radar_timing,0.2,25,30,25,25,57,10113,0.7333333333333333,42,17077.687887474895
SA-2,radar_timing,0.2,50,5,42,5,12,1612,0.3333333333333333,42,17077.687887474895
SA-2,radar_timing,0.2,50,10,42,10,26,3895,0.6666666666666666,42,17077.687887474895
SA-2,radar_timing,0.2,50,15,42,15,40,5460,1.0,42,17077.687887474895
SA-2,radar_timing,0.2,50,20,42,20,51,7663,1.0,42,17077.687887474895
SA-2,radar_timing,0.2,50,30,42,30,85,11724,1.0,42,17077.687887474895
SA-2,radar_timing,0.2,75,5,42,5,12,1612,0.3333333333333333,42,17077.687887474895
SA-2,radar_timing,0.2,75,10,42,10,26,3895,0.6666666666666666,42,17077.687887474895
SA-2,radar_timing,0.2,75,15,42,15,40,5460,1.0,42,17077.687887474895
SA-2,radar_timing,0.2,75,20,42,20,51,7663,1.0,42,17077.687887474895
SA-2,radar_timing,0.2,75,30,42,30,85,11724,1.0,42,17077.687887474895
SA-2,radar_timing,0.2,100,5,42,5,12,1612,0.3333333333333333,42,17077.687887474895
SA-2,radar_timing,0.2,100,10,42,10,26,3895,0.6666666666666666,42,17077.687887474895
SA-2,radar_timing,0.2,100,15,42,15,40,5460,1.0,42,17077.687887474895
SA-2,radar_timing,0.2,100,20,42,20,51,7663,1.0,42,17077.687887474895
SA-2,radar_timing,0.2,100,30,42,30,85,11724,1.0,42,17077.687887474895
SA-2,radar_timing,0.25,25,5,25,5,12,2234,0.3333333333333333,42,17077.687887474895
SA-2,radar_timing,0.25,25,10,25,10,24,3972,0.6666666666666666,42,17077.687887474895
SA-2,radar_timing,0.25,25,15,25,15,36,6177,0.7333333333333333,42,17077.687887474895
SA-2,radar_timing,0.25,25,20,25,20,47,8160,0.7333333333333333,42,17077.687887474895
SA-2,radar_timing,0.25,25,30,25,25,57,10113,0.7333333333333333,42,17077.687887474895
SA-2,radar_timing,0.25,50,5,42,5,12,1612,0.3333333333333333,42,17077.687887474895
SA-2,radar_timing,0.25,50,10,42,10,26,3895,0.6666666666666666,42,17077.687887474895
SA-2,radar_timing,0.25,50,15,42,15,40,5460,1.0,42,17077.687887474895
SA-2,radar_timing,0.25,50,20,42,20,51,7663,1.0,42,17077.687887474895
SA-2,radar_timing,0.25,50,30,42,30,85,11724,1.0,42,17077.687887474895
SA-2,radar_timing,0.25,75,5,42,5,12,1612,0.3333333333333333,42,17077.687887474895
SA-2,radar_timing,0.25,75,10,42,10,26,3895,0.6666666666666666,42,17077.687887474895
SA-2,radar_timing,0.25,75,15,42,15,40,5460,1.0,42,17077.687887474895
SA-2,radar_timing,0.25,75,20,42,20,51,7663,1.0,42,17077.687887474895
SA-2,radar_timing,0.25,75,30,42,30,85,11724,1.0,42,17077.687887474895
SA-2,radar_timing,0.25,100,5,42,5,12,1612,0.3333333333333333,42,17077.687887474895
SA-2,radar_timing,0.25,100,10,42,10,26,3895,0.6666666666666666,42,17077.687887474895
SA-2,radar_timing,0.25,100,15,42,15,40,5460,1.0,42,17077.687887474895
SA-2,radar_timing,0.25,100,20,42,20,51,7663,1.0,42,17077.687887474895
SA-2,radar_timing,0.25,100,30,42,30,85,11724,1.0,42,17077.687887474895
SA-2,radar_timing,0.3,25,5,25,5,12,2234,0.3333333333333333,42,17077.687887474895
SA-2,radar_timing,0.3,25,10,25,10,24,3972,0.6666666666666666,42,17077.687887474895
SA-2,radar_timing,0.3,25,15,25,15,36,6177,0.7333333333333333,42,17077.687887474895
SA-2,radar_timing,0.3,25,20,25,20,47,8160,0.7333333333333333,42,17077.687887474895
SA-2,radar_timing,0.3,25,30,25,25,57,10113,0.7333333333333333,42,17077.687887474895
SA-2,radar_timing,0.3,50,5,42,5,12,1612,0.3333333333333333,42,17077.687887474895
SA-2,radar_timing,0.3,50,10,42,10,26,3895,0.6666666666666666,42,17077.687887474895
SA-2,radar_timing,0.3,50,15,42,15,40,5460,1.0,42,17077.687887474895
SA-2,radar_timing,0.3,50,20,42,20,51,7663,1.0,42,17077.687887474895
SA-2,radar_timing,0.3,50,30,42,30,85,11724,1.0,42,17077.687887474895
SA-2,radar_timing,0.3,75,5,42,5,12,1612,0.3333333333333333,42,17077.687887474895
SA-2,radar_timing,0.3,75,10,42,10,26,3895,0.6666666666666666,42,17077.687887474895
SA-2,radar_timing,0.3,75,15,42,15,40,5460,1.0,42,17077.687887474895
SA-2,radar_timing,0.3,75,20,42,20,51,7663,1.0,42,17077.687887474895
SA-2,radar_timing,0.3,75,30,42,30,85,11724,1.0,42,17077.687887474895
SA-2,radar_timing,0.3,100,5,42,5,12,1612,0.3333333333333333,42,17077.687887474895
SA-2,radar_timing,0.3,100,10,42,10,26,3895,0.6666666666666666,42,17077.687887474895
SA-2,radar_timing,0.3,100,15,42,15,40,5460,1.0,42,17077.687887474895
SA-2,radar_timing,0.3,100,20,42,20,51,7663,1.0,42,17077.687887474895
SA-2,radar_timing,0.3,100,30,42,30,85,11724,1.0,42,17077.687887474895
SA-2,radar_timing,0.35,25,5,25,5,12,2234,0.3333333333333333,42,17077.687887474895
SA-2,radar_timing,0.35,25,10,25,10,24,3972,0.6666666666666666,42,17077.687887474895
SA-2,radar_timing,0.35,25,15,25,15,36,6177,0.7333333333333333,42,17077.687887474895
SA-2,radar_timing,0.35,25,20,25,20,47,8160,0.7333333333333333,42,17077.687887474895
SA-2,radar_timing,0.35,25,30,25,25,57,10113,0.7333333333333333,42,17077.687887474895
SA-2,radar_timing,0.35,50,5,40,5,12,1612,0.3333333333333333,42,17077.687887474895
SA-2,radar_timing,0.35,50,10,40,10,26,3895,0.6666666666666666,42,17077.687887474895
SA-2,radar_timing,0.35,50,15,40,15,40,5460,1.0,42,17077.687887474895
SA-2,radar_timing,0.35,50,20,40,20,51,7663,1.0,42,17077.687887474895
SA-2,radar_timing,0.35,50,30,40,30,85,11547,1.0,42,17077.687887474895
SA-2,radar_timing,0.35,75,5,40,5,12,1612,0.3333333333333333,42,17077.687887474895
SA-2,radar_timing,0.35,75,10,40,10,26,3895,0.6666666666666666,42,17077.687887474895
SA-2,radar_timing,0.35,75,15,40,15,40,5460,1.0,42,17077.687887474895
SA-2,radar_timing,0.35,75,20,40,20,51,7663,1.0,42,17077.687887474895
SA-2,radar_timing,0.35,75,30,40,30,85,11547,1.0,42,17077.687887474895
SA-2,radar_timing,0.35,100,5,40,5,12,1612,0.3333333333333333,42,17077.687887474895
SA-2,radar_timing,0.35,100,10,40,10,26,3895,0.6666666666666666,42,17077.687887474895
SA-2,radar_timing,0.35,100,15,40,15,40,5460,1.0,42,17077.687887474895
SA-2,radar_timing,0.35,100,20,40,20,51,7663,1.0,42,17077.687887474895
SA-2,radar_timing,0.35,100,30,40,30,85,11547,1.0,42,17077.687887474895
SA-2,radar_timing,0.4,25,5,25,5,12,2234,0.3333333333333333,42,17077.687887474895
SA-2,radar_timing,0.4,25,10,25,10,24,3972,0.6666666666666666,42,17077.687887474895
SA-2,radar_timing,0.4,25,15,25,15,36,6177,0.7333333333333333,42,17077.687887474895
SA-2,radar_timing,0.4,25,20,25,20,47,8160,0.7333333333333333,42,17077.687887474895
SA-2,radar_timing,0.4,25,30,25,25,57,10113,0.7333333333333333,42,17077.687887474895
SA-2,radar_timing,0.4,50,5,33,5,11,2187,0.3333333333333333,42,17077.687887474895
SA-2,radar_timing,0.4,50,10,33,10,23,4206,0.6666666666666666,42,17077.687887474895
SA-2,radar_timing,0.4,50,15,33,15,38,5954,0.8666666666666667,42,17077.687887474895
SA-2,radar_timing,0.4,50,20,33,20,49,8284,0.8666666666666667,42,17077.687887474895
SA-2,radar_timing,0.4,50,30,33,30,77,12156,0.8666666666666667,42,17077.687887474895
SA-2,radar_timing,0.4,75,5,33,5,11,2187,0.3333333333333333,42,17077.687887474895
SA-2,radar_timing,0.4,75,10,33,10,23,4206,0.6666666666666666,42,17077.687887474895
SA-2,radar_timing,0.4,75,15,33,15,38,5954,0.8666666666666667,42,17077.687887474895
SA-2,radar_timing,0.4,75,20,33,20,49,8284,0.8666666666666667,42,17077.687887474895
SA-2,radar_timing,0.4,75,30,33,30,77,12156,0.8666666666666667,42,17077.687887474895
SA-2,radar_timing,0.4,100,5,33,5,11,2187,0.3333333333333333,42,17077.687887474895
SA-2,radar_timing,0.4,100,10,33,10,23,4206,0.6666666666666666,42,17077.687887474895
SA-2,radar_timing,0.4,100,15,33,15,38,5954,0.8666666666666667,42,17077.687887474895
SA-2,radar_timing,0.4,100,20,33,20,49,8284,0.8666666666666667,42,17077.687887474895
SA-2,radar_timing,0.4,100,30,33,30,77,12156,0.8666666666666667,42,17077.687887474895
SA-2,radar_timing,0.45,25,5,14,5,12,1882,0.3333333333333333,42,17077.687887474895
SA-2,radar_timing,0.45,25,10,14,10,27,3828,0.4666666666666667,42,17077.687887474895
SA-2,radar_timing,0.45,25,15,14,14,33,4904,0.4666666666666667,42,17077.687887474895
SA-2,radar_timing,0.45,25,20,14,14,33,4904,0.4666666666666667,42,17077.687887474895
SA-2,radar_timing,0.45,25,30,14,14,33,4904,0.4666666666666667,42,17077.687887474895
SA-2,radar_timing,0.45,50,5,14,5,12,1882,0.3333333333333333,42,17077.687887474895
SA-2,radar_timing,0.45,50,10,14,10,27,3828,0.4666666666666667,42,17077.687887474895
SA-2,radar_timing,0.45,50,15,14,14,33,4904,0.4666666666666667,42,17077.687887474895
SA-2,radar_timing,0.45,50,20,14,14,33,4904,0.4666666666666667,42,17077.687887474895
SA-2,radar_timing,0.45,50,30,14,14,33,4904,0.4666666666666667,42,17077.687887474895
SA-2,radar_timing,0.45,75,5,14,5,12,1882,0.3333333333333333,42,17077.687887474895
SA-2,radar_timing,0.45,75,10,14,10,27,3828,0.4666666666666667,42,17077.687887474895
SA-2,radar_timing,0.45,75,15,14,14,33,4904,0.4666666666666667,42,17077.687887474895
SA-2,radar_timing,0.45,75,20,14,14,33,4904,0.4666666666666667,42,17077.687887474895
SA-2,radar_timing,0.45,75,30,14,14,33,4904,0.4666666666666667,42,17077.687887474895
SA-2,radar_timing,0.45,100,5,14,5,12,1882,0.3333333333333333,42,17077.687887474895
SA-2,radar_timing,0.45,100,10,14,10,27,3828,0.4666666666666667,42,17077.687887474895
SA-2,radar_timing,0.45,100,15,14,14,33,4904,0.4666666666666667,42,17077.687887474895
SA-2,radar_timing,0.45,100,20,14,14,33,4904,0.4666666666666667,42,17077.687887474895
SA-2,radar_timing,0.45,100,30,14,14,33,4904,0.4666666666666667,42,17077.687887474895
SA-2,radar_timing,0.5,25,5,2,2,7,863,0.13333333333333333,42,17077.687887474895
SA-2,radar_timing,0.5,25,10,2,2,7,863,0.13333333333333333,42,17077.687887474895
SA-2,radar_timing,0.5,25,15,2,2,7,863,0.13333333333333333,42,17077.687887474895
SA-2,radar_timing,0.5,25,20,2,2,7,863,0.13333333333333333,42,17077.687887474895
SA-2,radar_timing,0.5,25,30,2,2,7,863,0.13333333333333333,42,17077.687887474895
SA-2,radar_timing,0.5,50,5,2,2,7,863,0.13333333333333333,42,17077.687887474895
SA-2,radar_timing,0.5,50,10,2,2,7,863,0.13333333333333333,42,17077.687887474895
SA-2,radar_timing,0.5,50,15,2,2,7,863,0.13333333333333333,42,17077.687887474895
SA-2,radar_timing,0.5,50,20,2,2,7,863,0.13333333333333333,42,17077.687887474895
SA-2,radar_timing,0.5,50,30,2,2,7,863,0.13333333333333333,42,17077.687887474895
SA-2,radar_timing,0.5,75,5,2,2,7,863,0.13333333333333333,42,17077.687887474895
SA-2,radar_timing,0.5,75,10,2,2,7,863,0.13333333333333333,42,17077.687887474895
SA-2,radar_timing,0.5,75,15,2,2,7,863,0.13333333333333333,42,17077.687887474895
SA-2,radar_timing,0.5,75,20,2,2,7,863,0.13333333333333333,42,17077.687887474895
SA-2,radar_timing,0.5,75,30,2,2,7,863,0.13333333333333333,42,17077.687887474895
SA-2,radar_timing,0.5,100,5,2,2,7,863,0.13333333333333333,42,17077.687887474895
SA-2,radar_timing,0.5,100,10,2,2,7,863,0.13333333333333333,42,17077.687887474895
SA-2,radar_timing,0.5,100,15,2,2,7,863,0.13333333333333333,42,17077.687887474895
SA-2,radar_timing,0.5,100,20,2,2,7,863,0.13333333333333333,42,17077.687887474895
SA-2,radar_timing,0.5,100,30,2,2,7,863,0.13333333333333333,42,17077.687887474895
SA-2,radar_modulation,0.2,25,5,25,5,13,2370,0.3333333333333333,42,26229.50490936637
SA-2,radar_modulation,0.2,25,10,25,10,28,4627,0.6666666666666666,42,26229.50490936637
SA-2,radar_modulation,0.2,25,15,25,15,41,6799,0.7333333333333333,42,26229.50490936637
SA-2,radar_modulation,0.2,25,20,25,20,51,8361,0.7333333333333333,42,26229.50490936637
SA-2,radar_modulation,0.2,25,30,25,25,60,9866,0.7333333333333333,42,26229.50490936637
SA-2,radar_modulation,0.2,50,5,42,5,12,1964,0.3333333333333333,42,26229.50490936637
SA-2,radar_modulation,0.2,50,10,42,10,24,4337,0.6666666666666666,42,26229.50490936637
SA-2,radar_modulation,0.2,50,15,42,15,39,6580,1.0,42,26229.50490936637
SA-2,radar_modulation,0.2,50,20,42,20,52,8769,1.0,42,26229.50490936637
SA-2,radar_modulation,0.2,50,30,42,30,85,12227,1.0,42,26229.50490936637
SA-2,radar_modulation,0.2,75,5,42,5,12,1964,0.3333333333333333,42,26229.50490936637
SA-2,radar_modulation,0.2,75,10,42,10,24,4337,0.6666666666666666,42,26229.50490936637
SA-2,radar_modulation,0.2,75,15,42,15,39,6580,1.0,42,26229.50490936637
SA-2,radar_modulation,0.2,75,20,42,20,52,8769,1.0,42,26229.50490936637
SA-2,radar_modulation,0.2,75,30,42,30,85,12227,1.0,42,26229.50490936637
SA-2,radar_modulation,0.2,100,5,42,5,12,1964,0.3333333333333333,42,26229.50490936637
SA-2,radar_modulation,0.2,100,10,42,10,24,4337,0.6666666666666666,42,26229.50490936637
SA-2,radar_modulation,0.2,100,15,42,15,39,6580,1.0,42,26229.50490936637
SA-2,radar_modulation,0.2,100,20,42,20,52,8769,1.0,42,26229.50490936637
SA-2,radar_modulation,0.2,100,30,42,30,85,12227,1.0,42,26229.50490936637
SA-2,radar_modulation,0.25,25,5,25,5,13,2370,0.3333333333333333,42,26229.50490936637
SA-2,radar_modulation,0.25,25,10,25,10,28,4627,0.6666666666666666,42,26229.50490936637
SA-2,radar_modulation,0.25,25,15,25,15,41,6799,0.7333333333333333,42,26229.50490936637
SA-2,radar_modulation,0.25,25,20,25,20,51,8361,0.7333333333333333,42,26229.50490936637
SA-2,radar_modulation,0.25,25,30,25,25,60,9866,0.7333333333333333,42,26229.50490936637
SA-2,radar_modulation,0.25,50,5,42,5,12,1964,0.3333333333333333,42,26229.50490936637
SA-2,radar_modulation,0.25,50,10,42,10,24,4337,0.6666666666666666,42,26229.50490936637
SA-2,radar_modulation,0.25,50,15,42,15,39,6580,1.0,42,26229.50490936637
SA-2,radar_modulation,0.25,50,20,42,20,52,8769,1.0,42,26229.50490936637
SA-2,radar_modulation,0.25,50,30,42,30,85,12227,1.0,42,26229.50490936637
SA-2,radar_modulation,0.25,75,5,42,5,12,1964,0.3333333333333333,42,26229.50490936637
SA-2,radar_modulation,0.25,75,10,42,10,24,4337,0.6666666666666666,42,26229.50490936637
SA-2,radar_modulation,0.25,75,15,42,15,39,6580,1.0,42,26229.50490936637
SA-2,radar_modulation,0.25,75,20,42,20,52,8769,1.0,42,26229.50490936637
SA-2,radar_modulation,0.25,75,30,42,30,85,12227,1.0,42,26229.50490936637
SA-2,radar_modulation,0.25,100,5,42,5,12,1964,0.3333333333333333,42,26229.50490936637
SA-2,radar_modulation,0.25,100,10,42,10,24,4337,0.6666666666666666,42,26229.50490936637
SA-2,radar_modulation,0.25,100,15,42,15,39,6580,1.0,42,26229.50490936637
SA-2,radar_modulation,0.25,100,20,42,20,52,8769,1.0,42,26229.50490936637
SA-2,radar_modulation,0.25,100,30,42,30,85,12227,1.0,42,26229.50490936637
SA-2,radar_modulation,0.3,25,5,25,5,13,2370,0.3333333333333333,42,26229.50490936637
SA-2,radar_modulation,0.3,25,10,25,10,28,4627,0.6666666666666666,42,26229.50490936637
SA-2,radar_modulation,0.3,25,15,25,15,41,6799,0.7333333333333333,42,26229.50490936637
SA-2,radar_modulation,0.3,25,20,25,20,51,8361,0.7333333333333333,42,26229.50490936637
SA-2,radar_modulation,0.3,25,30,25,25,60,9866,0.7333333333333333,42,26229.50490936637
SA-2,radar_modulation,0.3,50,5,42,5,12,1964,0.3333333333333333,42,26229.50490936637
SA-2,radar_modulation,0.3,50,10,42,10,24,4337,0.6666666666666666,42,26229.50490936637
SA-2,radar_modulation,0.3,50,15,42,15,39,6580,1.0,42,26229.50490936637
SA-2,radar_modulation,0.3,50,20,42,20,52,8769,1.0,42,26229.50490936637
SA-2,radar_modulation,0.3,50,30,42,30,85,12227,1.0,42,26229.50490936637
SA-2,radar_modulation,0.3,75,5,42,5,12,1964,0.3333333333333333,42,26229.50490936637
SA-2,radar_modulation,0.3,75,10,42,10,24,4337,0.6666666666666666,42,26229.50490936637
SA-2,radar_modulation,0.3,75,15,42,15,39,6580,1.0,42,26229.50490936637
SA-2,radar_modulation,0.3,75,20,42,20,52,8769,1.0,42,26229.50490936637
SA-2,radar_modulation,0.3,75,30,42,30,85,12227,1.0,42,26229.50490936637
SA-2,radar_modulation,0.3,100,5,42,5,12,1964,0.3333333333333333,42,26229.50490936637
SA-2,radar_modulation,0.3,100,10,42,10,24,4337,0.6666666666666666,42,26229.50490936637
SA-2,radar_modulation,0.3,100,15,42,15,39,6580,1.0,42,26229.50490936637
SA-2,radar_modulation,0.3,100,20,42,20,52,8769,1.0,42,26229.50490936637
SA-2,radar_modulation,0.3,100,30,42,30,85,12227,1.0,42,26229.50490936637
SA-2,radar_modulation,0.35,25,5,25,5,13,2370,0.3333333333333333,42,26229.50490936637
SA-2,radar_modulation,0.35,25,10,25,10,28,4627,0.6666666666666666,42,26229.50490936637
SA-2,radar_modulation,0.35,25,15,25,15,41,6799,0.7333333333333333,42,26229.50490936637
SA-2,radar_modulation,0.35,25,20,25,20,51,8361,0.7333333333333333,42,26229.50490936637
SA-2,radar_modulation,0.35,25,30,25,25,60,9866,0.7333333333333333,42,26229.50490936637
SA-2,radar_modulation,0.35,50,5,41,5,12,1964,0.3333333333333333,42,26229.50490936637
SA-2,radar_modulation,0.35,50,10,41,10,24,4337,0.6666666666666666,42,26229.50490936637
SA-2,radar_modulation,0.35,50,15,41,15,39,6580,1.0,42,26229.50490936637
SA-2,radar_modulation,0.35,50,20,41,20,52,8769,1.0,42,26229.50490936637
SA-2,radar_modulation,0.35,50,30,41,30,85,12153,1.0,42,26229.50490936637
SA-2,radar_modulation,0.35,75,5,41,5,12,1964,0.3333333333333333,42,26229.50490936637
SA-2,radar_modulation,0.35,75,10,41,10,24,4337,0.6666666666666666,42,26229.50490936637
SA-2,radar_modulation,0.35,75,15,41,15,39,6580,1.0,42,26229.50490936637
SA-2,radar_modulation,0.35,75,20,41,20,52,8769,1.0,42,26229.50490936637
SA-2,radar_modulation,0.35,75,30,41,30,85,12153,1.0,42,26229.50490936637
SA-2,radar_modulation,0.35,100,5,41,5,12,1964,0.3333333333333333,42,26229.50490936637
SA-2,radar_modulation,0.35,100,10,41,10,24,4337,0.6666666666666666,42,26229.50490936637
SA-2,radar_modulation,0.35,100,15,41,15,39,6580,1.0,42,26229.50490936637
SA-2,radar_modulation,0.35,100,20,41,20,52,8769,1.0,42,26229.50490936637
SA-2,radar_modulation,0.35,100,30,41,30,85,12153,1.0,42,26229.50490936637
SA-2,radar_modulation,0.4,25,5,25,5,13,2370,0.3333333333333333,42,26229.50490936637
SA-2,radar_modulation,0.4,25,10,25,10,28,4627,0.6666666666666666,42,26229.50490936637
SA-2,radar_modulation,0.4,25,15,25,15,41,6799,0.7333333333333333,42,26229.50490936637
SA-2,radar_modulation,0.4,25,20,25,20,51,8361,0.7333333333333333,42,26229.50490936637
SA-2,radar_modulation,0.4,25,30,25,25,60,9866,0.7333333333333333,42,26229.50490936637
SA-2,radar_modulation,0.4,50,5,34,5,12,1964,0.3333333333333333,42,26229.50490936637
SA-2,radar_modulation,0.4,50,10,34,10,24,4337,0.6666666666666666,42,26229.50490936637
SA-2,radar_modulation,0.4,50,15,34,15,39,6580,1.0,42,26229.50490936637
SA-2,radar_modulation,0.4,50,20,34,20,52,8769,1.0,42,26229.50490936637
SA-2,radar_modulation,0.4,50,30,34,30,83,12270,1.0,42,26229.50490936637
SA-2,radar_modulation,0.4,75,5,34,5,12,1964,0.3333333333333333,42,26229.50490936637
SA-2,radar_modulation,0.4,75,10,34,10,24,4337,0.6666666666666666,42,26229.50490936637
SA-2,radar_modulation,0.4,75,15,34,15,39,6580,1.0,42,26229.50490936637
SA-2,radar_modulation,0.4,75,20,34,20,52,8769,1.0,42,26229.50490936637
SA-2,radar_modulation,0.4,75,30,34,30,83,12270,1.0,42,26229.50490936637
SA-2,radar_modulation,0.4,100,5,34,5,12,1964,0.3333333333333333,42,26229.50490936637
SA-2,radar_modulation,0.4,100,10,34,10,24,4337,0.6666666666666666,42,26229.50490936637
SA-2,radar_modulation,0.4,100,15,34,15,39,6580,1.0,42,26229.50490936637
SA-2,radar_modulation,0.4,100,20,34,20,52,8769,1.0,42,26229.50490936637
SA-2,radar_modulation,0.4,100,30,34,30,83,12270,1.0,42,26229.50490936637
SA-2,radar_modulation,0.45,25,5,12,5,17,2281,0.3333333333333333,42,26229.50490936637
SA-2,radar_modulation,0.45,25,10,12,10,28,4353,0.3333333333333333,42,26229.50490936637
SA-2,radar_modulation,0.45,25,15,12,12,29,4806,0.3333333333333333,42,26229.50490936637
SA-2,radar_modulation,0.45,25,20,12,12,29,4806,0.3333333333333333,42,26229.50490936637
SA-2,radar_modulation,0.45,25,30,12,12,29,4806,0.3333333333333333,42,26229.50490936637
SA-2,radar_modulation,0.45,50,5,12,5,17,2281,0.3333333333333333,42,26229.50490936637
SA-2,radar_modulation,0.45,50,10,12,10,28,4353,0.3333333333333333,42,26229.50490936637
SA-2,radar_modulation,0.45,50,15,12,12,29,4806,0.3333333333333333,42,26229.50490936637
SA-2,radar_modulation,0.45,50,20,12,12,29,4806,0.3333333333333333,42,26229.50490936637
SA-2,radar_modulation,0.45,50,30,12,12,29,4806,0.3333333333333333,42,26229.50490936637
SA-2,radar_modulation,0.45,75,5,12,5,17,2281,0.3333333333333333,42,26229.50490936637
SA-2,radar_modulation,0.45,75,10,12,10,28,4353,0.3333333333333333,42,26229.50490936637
SA-2,radar_modulation,0.45,75,15,12,12,29,4806,0.3333333333333333,42,26229.50490936637
SA-2,radar_modulation,0.45,75,20,12,12,29,4806,0.3333333333333333,42,26229.50490936637
SA-2,radar_modulation,0.45,75,30,12,12,29,4806,0.3333333333333333,42,26229.50490936637
SA-2,radar_modulation,0.45,100,5,12,5,17,2281,0.3333333333333333,42,26229.50490936637
SA-2,radar_modulation,0.45,100,10,12,10,28,4353,0.3333333333333333,42,26229.50490936637
SA-2,radar_modulation,0.45,100,15,12,12,29,4806,0.3333333333333333,42,26229.50490936637
SA-2,radar_modulation,0.45,100,20,12,12,29,4806,0.3333333333333333,42,26229.50490936637
SA-2,radar_modulation,0.45,100,30,12,12,29,4806,0.3333333333333333,42,26229.50490936637
SA-2,radar_modulation,0.5,25,5,0,0,0,0,0.0,42,26229.50490936637
SA-2,radar_modulation,0.5,25,10,0,0,0,0,0.0,42,26229.50490936637
SA-2,radar_modulation,0.5,25,15,0,0,0,0,0.0,42,26229.50490936637
SA-2,radar_modulation,0.5,25,20,0,0,0,0,0.0,42,26229.50490936637
SA-2,radar_modulation,0.5,25,30,0,0,0,0,0.0,42,26229.50490936637
SA-2,radar_modulation,0.5,50,5,0,0,0,0,0.0,42,26229.50490936637
SA-2,radar_modulation,0.5,50,10,0,0,0,0,0.0,42,26229.50490936637
SA-2,radar_modulation,0.5,50,15,0,0,0,0,0.0,42,26229.50490936637
SA-2,radar_modulation,0.5,50,20,0,0,0,0,0.0,42,26229.50490936637
SA-2,radar_modulation,0.5,50,30,0,0,0,0,0.0,42,26229.50490936637
SA-2,radar_modulation,0.5,75,5,0,0,0,0,0.0,42,26229.50490936637
SA-2,radar_modulation,0.5,75,10,0,0,0,0,0.0,42,26229.50490936637
SA-2,radar_modulation,0.5,75,15,0,0,0,0,0.0,42,26229.50490936637
SA-2,radar_modulation,0.5,75,20,0,0,0,0,0.0,42,26229.50490936637
SA-2,radar_modulation,0.5,75,30,0,0,0,0,0.0,42,26229.50490936637
SA-2,radar_modulation,0.5,100,5,0,0,0,0,0.0,42,26229.50490936637
SA-2,radar_modulation,0.5,100,10,0,0,0,0,0.0,42,26229.50490936637
SA-2,radar_modulation,0.5,100,15,0,0,0,0,0.0,42,26229.50490936637
SA-2,radar_modulation,0.5,100,20,0,0,0,0,0.0,42,26229.50490936637
SA-2,radar_modulation,0.5,100,30,0,0,0,0,0.0,42,26229.50490936637
SA-2,missile_kinematics,0.2,25,5,25,5,16,2333,0.3333333333333333,42,18642.270248383284
SA-2,missile_kinematics,0.2,25,10,25,10,29,4400,0.6666666666666666,42,18642.270248383284
SA-2,missile_kinematics,0.2,25,15,25,15,40,6534,0.7333333333333333,42,18642.270248383284
SA-2,missile_kinematics,0.2,25,20,25,20,49,8420,0.7333333333333333,42,18642.270248383284
SA-2,missile_kinematics,0.2,25,30,25,25,62,10753,0.7333333333333333,42,18642.270248383284
SA-2,missile_kinematics,0.2,50,5,42,5,15,1674,0.3333333333333333,42,18642.270248383284
SA-2,missile_kinematics,0.2,50,10,42,10,30,3845,0.6666666666666666,42,18642.270248383284
SA-2,missile_kinematics,0.2,50,15,42,15,45,5617,1.0,42,18642.270248383284
SA-2,missile_kinematics,0.2,50,20,42,20,55,7783,1.0,42,18642.270248383284
SA-2,missile_kinematics,0.2,50,30,42,30,78,11609,1.0,42,18642.270248383284
SA-2,missile_kinematics,0.2,75,5,42,5,15,1674,0.3333333333333333,42,18642.270248383284
SA-2,missile_kinematics,0.2,75,10,42,10,30,3845,0.6666666666666666,42,18642.270248383284
SA-2,missile_kinematics,0.2,75,15,42,15,45,5617,1.0,42,18642.270248383284
SA-2,missile_kinematics,0.2,75,20,42,20,55,7783,1.0,42,18642.270248383284
SA-2,missile_kinematics,0.2,75,30,42,30,78,11609,1.0,42,18642.270248383284
SA-2,missile_kinematics,0.2,100,5,42,5,15,1674,0.3333333333333333,42,18642.270248383284
SA-2,missile_kinematics,0.2,100,10,42,10,30,3845,0.6666666666666666,42,18642.270248383284
SA-2,missile_kinematics,0.2,100,15,42,15,45,5617,1.0,42,18642.270248383284
SA-2,missile_kinematics,0.2,100,20,42,20,55,7783,1.0,42,18642.270248383284
SA-2,missile_kinematics,0.2,100,30,42,30,78,11609,1.0,42,18642.270248383284
SA-2,missile_kinematics,0.25,25,5,25,5,16,2333,0.3333333333333333,42,18642.270248383284
SA-2,missile_kinematics,0.25,25,10,25,10,29,4400,0.6666666666666666,42,18642.270248383284
SA-2,missile_kinematics,0.25,25,15,25,15,40,6534,0.7333333333333333,42,18642.270248383284
SA-2,missile_kinematics,0.25,25,20,25,20,49,8420,0.7333333333333333,42,18642.270248383284
SA-2,missile_kinematics,0.25,25,30,25,25,62,10753,0.7333333333333333,42,18642.270248383284
SA-2,missile_kinematics,0.25,50,5,42,5,15,1674,0.3333333333333333,42,18642.270248383284
SA-2,missile_kinematics,0.25,50,10,42,10,30,3845,0.6666666666666666,42,18642.270248383284
SA-2,missile_kinematics,0.25,50,15,42,15,45,5617,1.0,42,18642.270248383284
SA-2,missile_kinematics,0.25,50,20,42,20,55,7783,1.0,42,18642.270248383284
SA-2,missile_kinematics,0.25,50,30,42,30,78,11609,1.0,42,18642.270248383284
SA-2,missile_kinematics,0.25,75,5,42,5,15,1674,0.3333333333333333,42,18642.270248383284
SA-2,missile_kinematics,0.25,75,10,42,10,30,3845,0.6666666666666666,42,18642.270248383284
SA-2,missile_kinematics,0.25,75,15,42,15,45,5617,1.0,42,18642.270248383284
SA-2,missile_kinematics,0.25,75,20,42,20,55,7783,1.0,42,18642.270248383284
SA-2,missile_kinematics,0.25,75,30,42,30,78,11609,1.0,42,18642.270248383284
SA-2,missile_kinematics,0.25,100,5,42,5,15,1674,0.3333333333333333,42,18642.270248383284
SA-2,missile_kinematics,0.25,100,10,42,10,30,3845,0.6666666666666666,42,18642.270248383284
SA-2,missile_kinematics,0.25,100,15,42,15,45,5617,1.0,42,18642.270248383284
SA-2,missile_kinematics,0.25,100,20,42,20,55,7783,1.0,42,18642.270248383284
SA-2,missile_kinematics,0.25,100,30,42,30,78,11609,1.0,42,18642.270248383284
SA-2,missile_kinematics,0.3,25,5,25,5,16,2333,0.3333333333333333,42,18642.270248383284
SA-2,missile_kinematics,0.3,25,10,25,10,29,4400,0.6666666666666666,42,18642.270248383284
SA-2,missile_kinematics,0.3,25,15,25,15,40,6534,0.7333333333333333,42,18642.270248383284
SA-2,missile_kinematics,0.3,25,20,25,20,49,8420,0.7333333333333333,42,18642.270248383284
SA-2,missile_kinematics,0.3,25,30,25,25,62,10753,0.7333333333333333,42,18642.270248383284
SA-2,missile_kinematics,0.3,50,5,42,5,15,1674,0.3333333333333333,42,18642.270248383284
SA-2,missile_kinematics,0.3,50,10,42,10,30,3845,0.6666666666666666,42,18642.270248383284
SA-2,missile_kinematics,0.3,50,15,42,15,45,5617,1.0,42,18642.270248383284
SA-2,missile_kinematics,0.3,50,20,42,20,55,7783,1.0,42,18642.270248383284
SA-2,missile_kinematics,0.3,50,30,42,30,78,11609,1.0,42,18642.270248383284
SA-2,missile_kinematics,0.3,75,5,42,5,15,1674,0.3333333333333333,42,18642.270248383284
SA-2,missile_kinematics,0.3,75,10,42,10,30,3845,0.6666666666666666,42,18642.270248383284
SA-2,missile_kinematics,0.3,75,15,42,15,45,5617,1.0,42,18642.270248383284
SA-2,missile_kinematics,0.3,75,20,42,20,55,7783,1.0,42,18642.270248383284
SA-2,missile_kinematics,0.3,75,30,42,30,78,11609,1.0,42,18642.270248383284
SA-2,missile_kinematics,0.3,100,5,42,5,15,1674,0.3333333333333333,42,18642.270248383284
SA-2,missile_kinematics,0.3,100,10,42,10,30,3845,0.6666666666666666,42,18642.270248383284
SA-2,missile_kinematics,0.3,100,15,42,15,45,5617,1.0,42,18642.270248383284
SA-2,missile_kinematics,0.3,100,20,42,20,55,7783,1.0,42,18642.270248383284
SA-2,missile_kinematics,0.3,100,30,42,30,78,11609,1.0,42,18642.270248383284
SA-2,missile_kinematics,0.35,25,5,25,5,16,2333,0.3333333333333333,42,18642.270248383284
SA-2,missile_kinematics,0.35,25,10,25,10,29,4400,0.6666666666666666,42,18642.270248383284
SA-2,missile_kinematics,0.35,25,15,25,15,40,6534,0.7333333333333333,42,18642.270248383284
SA-2,missile_kinematics,0.35,25,20,25,20,49,8420,0.7333333333333333,42,18642.270248383284
SA-2,missile_kinematics,0.35,25,30,25,25,62,10753,0.7333333333333333,42,18642.270248383284
SA-2,missile_kinematics,0.35,50,5,42,5,15,1674,0.3333333333333333,42,18642.270248383284
SA-2,missile_kinematics,0.35,50,10,42,10,30,3845,0.6666666666666666,42,18642.270248383284
SA-2,missile_kinematics,0.35,50,15,42,15,45,5617,1.0,42,18642.270248383284
SA-2,missile_kinematics,0.35,50,20,42,20,55,7783,1.0,42,18642.270248383284
SA-2,missile_kinematics,0.35,50,30,42,30,78,11609,1.0,42,18642.270248383284
SA-2,missile_kinematics,0.35,75,5,42,5,15,1674,0.3333333333333333,42,18642.270248383284
SA-2,missile_kinematics,0.35,75,10,42,10,30,3845,0.6666666666666666,42,18642.270248383284
SA-2,missile_kinematics,0.35,75,15,42,15,45,5617,1.0,42,18642.270248383284
SA-2,missile_kinematics,0.35,75,20,42,20,55,7783,1.0,42,18642.270248383284
SA-2,missile_kinematics,0.35,75,30,42,30,78,11609,1.0,42,18642.270248383284
SA-2,missile_kinematics,0.35,100,5,42,5,15,1674,0.3333333333333333,42,18642.270248383284
SA-2,missile_kinematics,0.35,100,10,42,10,30,3845,0.6666666666666666,42,18642.270248383284
SA-2,missile_kinematics,0.35,100,15,42,15,45,5617,1.0,42,18642.270248383284
SA-2,missile_kinematics,0.35,100,20,42,20,55,7783,1.0,42,18642.270248383284
SA-2,missile_kinematics,0.35,100,30,42,30,78,11609,1.0,42,18642.270248383284
SA-2,missile_kinematics,0.4,25,5,25,5,16,2333,0.3333333333333333,42,18642.270248383284
SA-2,missile_kinematics,0.4,25,10,25,10,29,4400,0.6666666666666666,42,18642.270248383284
SA-2,missile_kinematics,0.4,25,15,25,15,40,6534,0.7333333333333333,42,18642.270248383284
SA-2,missile_kinematics,0.4,25,20,25,20,49,8420,0.7333333333333333,42,18642.270248383284
SA-2,missile_kinematics,0.4,25,30,25,25,62,10753,0.7333333333333333,42,18642.270248383284
SA-2,missile_kinematics,0.4,50,5,36,5,16,2333,0.3333333333333333,42,18642.270248383284
SA-2,missile_kinematics,0.4,50,10,36,10,29,4400,0.6666666666666666,42,18642.270248383284
SA-2,missile_kinematics,0.4,50,15,36,15,43,6167,0.8666666666666667,42,18642.270248383284
SA-2,missile_kinematics,0.4,50,20,36,20,54,8480,0.8666666666666667,42,18642.270248383284
SA-2,missile_kinematics,0.4,50,30,36,30,73,11949,0.8666666666666667,42,18642.270248383284
SA-2,missile_kinematics,0.4,75,5,36,5,16,2333,0.3333333333333333,42,18642.270248383284
SA-2,missile_kinematics,0.4,75,10,36,10,29,4400,0.6666666666666666,42,18642.270248383284
SA-2,missile_kinematics,0.4,75,15,36,15,43,6167,0.8666666666666667,42,18642.270248383284
SA-2,missile_kinematics,0.4,75,20,36,20,54,8480,0.8666666666666667,42,18642.270248383284
SA-2,missile_kinematics,0.4,75,30,36,30,73,11949,0.8666666666666667,42,18642.270248383284
SA-2,missile_kinematics,0.4,100,5,36,5,16,2333,0.3333333333333333,42,18642.270248383284
SA-2,missile_kinematics,0.4,100,10,36,10,29,4400,0.6666666666666666,42,18642.270248383284
SA-2,missile_kinematics,0.4,100,15,36,15,43,6167,0.8666666666666667,42,18642.270248383284
SA-2,missile_kinematics,0.4,100,20,36,20,54,8480,0.8666666666666667,42,18642.270248383284
SA-2,missile_kinematics,0.4,100,30,36,30,73,11949,0.8666666666666667,42,18642.270248383284
SA-2,missile_kinematics,0.45,25,5,25,5,16,2333,0.3333333333333333,42,18642.270248383284
SA-2,missile_kinematics,0.45,25,10,25,10,29,4400,0.6666666666666666,42,18642.270248383284
SA-2,missile_kinematics,0.45,25,15,25,15,40,6534,0.7333333333333333,42,18642.270248383284
SA-2,missile_kinematics,0.45,25,20,25,20,49,8420,0.7333333333333333,42,18642.270248383284
SA-2,missile_kinematics,0.45,25,30,25,25,62,10753,0.7333333333333333,42,18642.270248383284
SA-2,missile_kinematics,0.45,50,5,27,5,16,2333,0.3333333333333333,42,18642.270248383284
SA-2,missile_kinematics,0.45,50,10,27,10,29,4400,0.6666666666666666,42,18642.270248383284
SA-2,missile_kinematics,0.45,50,15,27,15,42,6482,0.8,42,18642.270248383284
SA-2,missile_kinematics,0.45,50,20,27,20,52,8405,0.8,42,18642.270248383284
SA-2,missile_kinematics,0.45,50,30,27,27,68,11547,0.8,42,18642.270248383284
SA-2,missile_kinematics,0.45,75,5,27,5,16,2333,0.3333333333333333,42,18642.270248383284
SA-2,missile_kinematics,0.45,75,10,27,10,29,4400,0.6666666666666666,42,18642.270248383284
SA-2,missile_kinematics,0.45,75,15,27,15,42,6482,0.8,42,18642.270248383284
SA-2,missile_kinematics,0.45,75,20,27,20,52,8405,0.8,42,18642.270248383284
SA-2,missile_kinematics,0.45,75,30,27,27,68,11547,0.8,42,18642.270248383284
SA-2,missile_kinematics,0.45,100,5,27,5,16,2333,0.3333333333333333,42,18642.270248383284
SA-2,missile_kinematics,0.45,100,10,27,10,29,4400,0.6666666666666666,42,18642.270248383284
SA-2,missile_kinematics,0.45,100,15,27,15,42,6482,0.8,42,18642.270248383284
SA-2,missile_kinematics,0.45,100,20,27,20,52,8405,0.8,42,18642.270248383284
SA-2,missile_kinematics,0.45,100,30,27,27,68,11547,0.8,42,18642.270248383284
SA-2,missile_kinematics,0.5,25,5,13,5,14,2171,0.3333333333333333,42,18642.270248383284
SA-2,missile_kinematics,0.5,25,10,13,10,27,4233,0.5333333333333333,42,18642.270248383284
SA-2,missile_kinematics,0.5,25,15,13,13,33,5546,0.5333333333333333,42,18642.270248383284
SA-2,missile_kinematics,0.5,25,20,13,13,33,5546,0.5333333333333333,42,18642.270248383284
SA-2,missile_kinematics,0.5,25,30,13,13,33,5546,0.5333333333333333,42,18642.270248383284
SA-2,missile_kinematics,0.5,50,5,13,5,14,2171,0.3333333333333333,42,18642.270248383284
SA-2,missile_kinematics,0.5,50,10,13,10,27,4233,0.5333333333333333,42,18642.270248383284
SA-2,missile_kinematics,0.5,50,15,13,13,33,5546,0.5333333333333333,42,18642.270248383284
SA-2,missile_kinematics,0.5,50,20,13,13,33,5546,0.5333333333333333,42,18642.270248383284
SA-2,missile_kinematics,0.5,50,30,13,13,33,5546,0.5333333333333333,42,18642.270248383284
SA-2,missile_kinematics,0.5,75,5,13,5,14,2171,0.3333333333333333,42,18642.270248383284
SA-2,missile_kinematics,0.5,75,10,13,10,27,4233,0.5333333333333333,42,18642.270248383284
SA-2,missile_kinematics,0.5,75,15,13,13,33,5546,0.5333333333333333,42,18642.270248383284
SA-2,missile_kinematics,0.5,75,20,13,13,33,5546,0.5333333333333333,42,18642.270248383284
SA-2,missile_kinematics,0.5,75,30,13,13,33,5546,0.5333333333333333,42,18642.270248383284
SA-2,missile_kinematics,0.5,100,5,13,5,14,2171,0.3333333333333333,42,18642.270248383284
SA-2,missile_kinematics,0.5,100,10,13,10,27,4233,0.5333333333333333,42,18642.270248383284
SA-2,missile_kinematics,0.5,100,15,13,13,33,5546,0.5333333333333333,42,18642.270248383284
SA-2,missile_kinematics,0.5,100,20,13,13,33,5546,0.5333333333333333,42,18642.270248383284
SA-2,missile_kinematics,0.5,100,30,13,13,33,5546,0.5333333333333333,42,18642.270248383284
SA-2,missile_guidance,0.2,25,5,25,5,14,1842,0.3333333333333333,42,22653.580093756318
SA-2,missile_guidance,0.2,25,10,25,10,28,4314,0.6666666666666666,42,22653.580093756318
SA-2,missile_guidance,0.2,25,15,25,15,37,6419,0.8,42,22653.580093756318
SA-2,missile_guidance,0.2,25,20,25,20,51,8790,0.8,42,22653.580093756318
SA-2,missile_guidance,0.2,25,30,25,25,66,10683,0.8,42,22653.580093756318
SA-2,missile_guidance,0.2,50,5,42,5,14,1529,0.3333333333333333,42,22653.580093756318
SA-2,missile_guidance,0.2,50,10,42,10,30,3416,0.6666666666666666,42,22653.580093756318
SA-2,missile_guidance,0.2,50,15,42,15,42,5751,1.0,42,22653.580093756318
SA-2,missile_guidance,0.2,50,20,42,20,50,7567,1.0,42,22653.580093756318
SA-2,missile_guidance,0.2,50,30,42,30,77,12023,1.0,42,22653.580093756318
SA-2,missile_guidance,0.2,75,5,42,5,14,1529,0.3333333333333333,42,22653.580093756318
SA-2,missile_guidance,0.2,75,10,42,10,30,3416,0.6666666666666666,42,22653.580093756318
SA-2,missile_guidance,0.2,75,15,42,15,42,5751,1.0,42,22653.580093756318
SA-2,missile_guidance,0.2,75,20,42,20,50,7567,1.0,42,22653.580093756318
SA-2,missile_guidance,0.2,75,30,42,30,77,12023,1.0,42,22653.580093756318
SA-2,missile_guidance,0.2,100,5,42,5,14,1529,0.3333333333333333,42,22653.580093756318
SA-2,missile_guidance,0.2,100,10,42,10,30,3416,0.6666666666666666,42,22653.580093756318
SA-2,missile_guidance,0.2,100,15,42,15,42,5751,1.0,42,22653.580093756318
SA-2,missile_guidance,0.2,100,20,42,20,50,7567,1.0,42,22653.580093756318
SA-2,missile_guidance,0.2,100,30,42,30,77,12023,1.0,42,22653.580093756318
SA-2,missile_guidance,0.25,25,5,25,5,14,1842,0.3333333333333333,42,22653.580093756318
SA-2,missile_guidance,0.25,25,10,25,10,28,4314,0.6666666666666666,42,22653.580093756318
SA-2,missile_guidance,0.25,25,15,25,15,37,6419,0.8,42,22653.580093756318
SA-2,missile_guidance,0.25,25,20,25,20,51,8790,0.8,42,22653.580093756318
SA-2,missile_guidance,0.25,25,30,25,25,66,10683,0.8,42,22653.580093756318
SA-2,missile_guidance,0.25,50,5,42,5,14,1529,0.3333333333333333,42,22653.580093756318
SA-2,missile_guidance,0.25,50,10,42,10,30,3416,0.6666666666666666,42,22653.580093756318
SA-2,missile_guidance,0.25,50,15,42,15,42,5751,1.0,42,22653.580093756318
SA-2,missile_guidance,0.25,50,20,42,20,50,7567,1.0,42,22653.580093756318
SA-2,missile_guidance,0.25,50,30,42,30,77,12023,1.0,42,22653.580093756318
SA-2,missile_guidance,0.25,75,5,42,5,14,1529,0.3333333333333333,42,22653.580093756318
SA-2,missile_guidance,0.25,75,10,42,10,30,3416,0.6666666666666666,42,22653.580093756318
SA-2,missile_guidance,0.25,75,15,42,15,42,5751,1.0,42,22653.580093756318
SA-2,missile_guidance,0.25,75,20,42,20,50,7567,1.0,42,22653.580093756318
SA-2,missile_guidance,0.25,75,30,42,30,77,12023,1.0,42,22653.580093756318
SA-2,missile_guidance,0.25,100,5,42,5,14,1529,0.3333333333333333,42,22653.580093756318
SA-2,missile_guidance,0.25,100,10,42,10,30,3416,0.6666666666666666,42,22653.580093756318
SA-2,missile_guidance,0.25,100,15,42,15,42,5751,1.0,42,22653.580093756318
SA-2,missile_guidance,0.25,100,20,42,20,50,7567,1.0,42,22653.580093756318
SA-2,missile_guidance,0.25,100,30,42,30,77,12023,1.0,42,22653.580093756318
SA-2,missile_guidance,0.3,25,5,25,5,14,1842,0.3333333333333333,42,22653.580093756318
SA-2,missile_guidance,0.3,25,10,25,10,28,4314,0.6666666666666666,42,22653.580093756318
SA-2,missile_guidance,0.3,25,15,25,15,37,6419,0.8,42,22653.580093756318
SA-2,missile_guidance,0.3,25,20,25,20,51,8790,0.8,42,22653.580093756318
SA-2,missile_guidance,0.3,25,30,25,25,66,10683,0.8,42,22653.580093756318
SA-2,missile_guidance,0.3,50,5,42,5,14,1529,0.3333333333333333,42,22653.580093756318
SA-2,missile_guidance,0.3,50,10,42,10,30,3416,0.6666666666666666,42,22653.580093756318
SA-2,missile_guidance,0.3,50,15,42,15,42,5751,1.0,42,22653.580093756318
SA-2,missile_guidance,0.3,50,20,42,20,50,7567,1.0,42,22653.580093756318
SA-2,missile_guidance,0.3,50,30,42,30,77,12023,1.0,42,22653.580093756318
SA-2,missile_guidance,0.3,75,5,42,5,14,1529,0.3333333333333333,42,22653.580093756318
SA-2,missile_guidance,0.3,75,10,42,10,30,3416,0.6666666666666666,42,22653.580093756318
SA-2,missile_guidance,0.3,75,15,42,15,42,5751,1.0,42,22653.580093756318
SA-2,missile_guidance,0.3,75,20,42,20,50,7567,1.0,42,22653.580093756318
SA-2,missile_guidance,0.3,75,30,42,30,77,12023,1.0,42,22653.580093756318
SA-2,missile_guidance,0.3,100,5,42,5,14,1529,0.3333333333333333,42,22653.580093756318
SA-2,missile_guidance,0.3,100,10,42,10,30,3416,0.6666666666666666,42,22653.580093756318
SA-2,missile_guidance,0.3,100,15,42,15,42,5751,1.0,42,22653.580093756318
SA-2,missile_guidance,0.3,100,20,42,20,50,7567,1.0,42,22653.580093756318
SA-2,missile_guidance,0.3,100,30,42,30,77,12023,1.0,42,22653.580093756318
SA-2,missile_guidance,0.35,25,5,25,5,14,1842,0.3333333333333333,42,22653.580093756318
SA-2,missile_guidance,0.35,25,10,25,10,28,4314,0.6666666666666666,42,22653.580093756318
SA-2,missile_guidance,0.35,25,15,25,15,37,6419,0.8,42,22653.580093756318
SA-2,missile_guidance,0.35,25,20,25,20,51,8790,0.8,42,22653.580093756318
SA-2,missile_guidance,0.35,25,30,25,25,66,10683,0.8,42,22653.580093756318
SA-2,missile_guidance,0.35,50,5,42,5,14,1529,0.3333333333333333,42,22653.580093756318
SA-2,missile_guidance,0.35,50,10,42,10,30,3416,0.6666666666666666,42,22653.580093756318
SA-2,missile_guidance,0.35,50,15,42,15,42,5751,1.0,42,22653.580093756318
SA-2,missile_guidance,0.35,50,20,42,20,50,7567,1.0,42,22653.580093756318
SA-2,missile_guidance,0.35,50,30,42,30,77,12023,1.0,42,22653.580093756318
SA-2,missile_guidance,0.35,75,5,42,5,14,1529,0.3333333333333333,42,22653.580093756318
SA-2,missile_guidance,0.35,75,10,42,10,30,3416,0.6666666666666666,42,22653.580093756318
SA-2,missile_guidance,0.35,75,15,42,15,42,5751,1.0,42,22653.580093756318
SA-2,missile_guidance,0.35,75,20,42,20,50,7567,1.0,42,22653.580093756318
SA-2,missile_guidance,0.35,75,30,42,30,77,12023,1.0,42,22653.580093756318
SA-2,missile_guidance,0.35,100,5,42,5,14,1529,0.3333333333333333,42,22653.580093756318
SA-2,missile_guidance,0.35,100,10,42,10,30,3416,0.6666666666666666,42,22653.580093756318
SA-2,missile_guidance,0.35,100,15,42,15,42,5751,1.0,42,22653.580093756318
SA-2,missile_guidance,0.35,100,20,42,20,50,7567,1.0,42,22653.580093756318
SA-2,missile_guidance,0.35,100,30,42,30,77,12023,1.0,42,22653.580093756318
SA-2,missile_guidance,0.4,25,5,25,5,14,1842,0.3333333333333333,42,22653.580093756318
SA-2,missile_guidance,0.4,25,10,25,10,28,4314,0.6666666666666666,42,22653.580093756318
SA-2,missile_guidance,0.4,25,15,25,15,37,6419,0.8,42,22653.580093756318
SA-2,missile_guidance,0.4,25,20,25,20,51,8790,0.8,42,22653.580093756318
SA-2,missile_guidance,0.4,25,30,25,25,66,10683,0.8,42,22653.580093756318
SA-2,missile_guidance,0.4,50,5,40,5,14,1529,0.3333333333333333,42,22653.580093756318
SA-2,missile_guidance,0.4,50,10,40,10,30,3416,0.6666666666666666,42,22653.580093756318
SA-2,missile_guidance,0.4,50,15,40,15,42,5751,1.0,42,22653.580093756318
SA-2,missile_guidance,0.4,50,20,40,20,53,7959,1.0,42,22653.580093756318
SA-2,missile_guidance,0.4,50,30,40,30,80,12113,1.0,42,22653.580093756318
SA-2,missile_guidance,0.4,75,5,40,5,14,1529,0.3333333333333333,42,22653.580093756318
SA-2,missile_guidance,0.4,75,10,40,10,30,3416,0.6666666666666666,42,22653.580093756318
SA-2,missile_guidance,0.4,75,15,40,15,42,5751,1.0,42,22653.580093756318
SA-2,missile_guidance,0.4,75,20,40,20,53,7959,1.0,42,22653.580093756318
SA-2,missile_guidance,0.4,75,30,40,30,80,12113,1.0,42,22653.580093756318
SA-2,missile_guidance,0.4,100,5,40,5,14,1529,0.3333333333333333,42,22653.580093756318
SA-2,missile_guidance,0.4,100,10,40,10,30,3416,0.6666666666666666,42,22653.580093756318
SA-2,missile_guidance,0.4,100,15,40,15,42,5751,1.0,42,22653.580093756318
SA-2,missile_guidance,0.4,100,20,40,20,53,7959,1.0,42,22653.580093756318
SA-2,missile_guidance,0.4,100,30,40,30,80,12113,1.0,42,22653.580093756318
SA-2,missile_guidance,0.45,25,5,25,5,14,1842,0.3333333333333333,42,22653.580093756318
SA-2,missile_guidance,0.45,25,10,25,10,28,4314,0.6666666666666666,42,22653.580093756318
SA-2,missile_guidance,0.45,25,15,25,15,37,6419,0.8,42,22653.580093756318
SA-2,missile_guidance,0.45,25,20,25,20,51,8790,0.8,42,22653.580093756318
SA-2,missile_guidance,0.45,25,30,25,25,66,10683,0.8,42,22653.580093756318
SA-2,missile_guidance,0.45,50,5,35,5,13,1719,0.3333333333333333,42,22653.580093756318
SA-2,missile_guidance,0.45,50,10,35,10,27,3910,0.6666666666666666,42,22653.580093756318
SA-2,missile_guidance,0.45,50,15,35,15,37,5995,0.8666666666666667,42,22653.580093756318
SA-2,missile_guidance,0.45,50,20,35,20,49,8416,0.8666666666666667,42,22653.580093756318
SA-2,missile_guidance,0.45,50,30,35,30,75,12518,0.8666666666666667,42,22653.580093756318
SA-2,missile_guidance,0.45,75,5,35,5,13,1719,0.3333333333333333,42,22653.580093756318
SA-2,missile_guidance,0.45,75,10,35,10,27,3910,0.6666666666666666,42,22653.580093756318
SA-2,missile_guidance,0.45,75,15,35,15,37,5995,0.8666666666666667,42,22653.580093756318
SA-2,missile_guidance,0.45,75,20,35,20,49,8416,0.8666666666666667,42,22653.580093756318
SA-2,missile_guidance,0.45,75,30,35,30,75,12518,0.8666666666666667,42,22653.580093756318
SA-2,missile_guidance,0.45,100,5,35,5,13,1719,0.3333333333333333,42,22653.580093756318
SA-2,missile_guidance,0.45,100,10,35,10,27,3910,0.6666666666666666,42,22653.580093756318
SA-2,missile_guidance,0.45,100,15,35,15,37,5995,0.8666666666666667,42,22653.580093756318
SA-2,missile_guidance,0.45,100,20,35,20,49,8416,0.8666666666666667,42,22653.580093756318
SA-2,missile_guidance,0.45,100,30,35,30,75,12518,0.8666666666666667,42,22653.580093756318
SA-2,missile_guidance,0.5,25,5,25,5,14,1842,0.3333333333333333,42,22653.580093756318
SA-2,missile_guidance,0.5,25,10,25,10,28,4314,0.6666666666666666,42,22653.580093756318
SA-2,missile_guidance,0.5,25,15,25,15,37,6419,0.8,42,22653.580093756318
SA-2,missile_guidance,0.5,25,20,25,20,51,8790,0.8,42,22653.580093756318
SA-2,missile_guidance,0.5,25,30,25,25,66,10683,0.8,42,22653.580093756318
SA-2,missile_guidance,0.5,50,5,27,5,14,1842,0.3333333333333333,42,22653.580093756318
SA-2,missile_guidance,0.5,50,10,27,10,28,4314,0.6666666666666666,42,22653.580093756318
SA-2,missile_guidance,0.5,50,15,27,15,37,6419,0.8,42,22653.580093756318
SA-2,missile_guidance,0.5,50,20,27,20,51,8790,0.8,42,22653.580093756318
SA-2,missile_guidance,0.5,50,30,27,27,70,11572,0.8,42,22653.580093756318
SA-2,missile_guidance,0.5,75,5,27,5,14,1842,0.3333333333333333,42,22653.580093756318
SA-2,missile_guidance,0.5,75,10,27,10,28,4314,0.6666666666666666,42,22653.580093756318
SA-2,missile_guidance,0.5,75,15,27,15,37,6419,0.8,42,22653.580093756318
SA-2,missile_guidance,0.5,75,20,27,20,51,8790,0.8,42,22653.580093756318
SA-2,missile_guidance,0.5,75,30,27,27,70,11572,0.8,42,22653.580093756318
SA-2,missile_guidance,0.5,100,5,27,5,14,1842,0.3333333333333333,42,22653.580093756318
SA-2,missile_guidance,0.5,100,10,27,10,28,4314,0.6666666666666666,42,22653.580093756318
SA-2,missile_guidance,0.5,100,15,27,15,37,6419,0.8,42,22653.580093756318
SA-2,missile_guidance,0.5,100,20,27,20,51,8790,0.8,42,22653.580093756318
SA-2,missile_guidance,0.5,100,30,27,27,70,11572,0.8,42,22653.580093756318
SA-2,missile_airframe,0.2,25,5,25,5,13,1829,0.3333333333333333,42,15429.07333560288
SA-2,missile_airframe,0.2,25,10,25,10,27,4136,0.6666666666666666,42,15429.07333560288
SA-2,missile_airframe,0.2,25,15,25,15,40,6461,0.8666666666666667,42,15429.07333560288
SA-2,missile_airframe,0.2,25,20,25,20,53,8619,0.8666666666666667,42,15429.07333560288
SA-2,missile_airframe,0.2,25,30,25,25,65,10267,0.8666666666666667,42,15429.07333560288
SA-2,missile_airframe,0.2,50,5,42,5,13,1829,0.3333333333333333,42,15429.07333560288
SA-2,missile_airframe,0.2,50,10,42,10,28,3883,0.6666666666666666,42,15429.07333560288
SA-2,missile_airframe,0.2,50,15,42,15,39,6163,1.0,42,15429.07333560288
SA-2,missile_airframe,0.2,50,20,42,20,54,8526,1.0,42,15429.07333560288
SA-2,missile_airframe,0.2,50,30,42,30,79,12052,1.0,42,15429.07333560288
SA-2,missile_airframe,0.2,75,5,42,5,13,1829,0.3333333333333333,42,15429.07333560288
SA-2,missile_airframe,0.2,75,10,42,10,28,3883,0.6666666666666666,42,15429.07333560288
SA-2,missile_airframe,0.2,75,15,42,15,39,6163,1.0,42,15429.07333560288
SA-2,missile_airframe,0.2,75,20,42,20,54,8526,1.0,42,15429.07333560288
SA-2,missile_airframe,0.2,75,30,42,30,79,12052,1.0,42,15429.07333560288
SA-2,missile_airframe,0.2,100,5,42,5,13,1829,0.3333333333333333,42,15429.07333560288
SA-2,missile_airframe,0.2,100,10,42,10,28,3883,0.6666666666666666,42,15429.07333560288
SA-2,missile_airframe,0.2,100,15,42,15,39,6163,1.0,42,15429.07333560288
SA-2,missile_airframe,0.2,100,20,42,20,54,8526,1.0,42,15429.07333560288
SA-2,missile_airframe,0.2,100,30,42,30,79,12052,1.0,42,15429.07333560288
SA-2,missile_airframe,0.25,25,5,25,5,13,1829,0.3333333333333333,42,15429.07333560288
SA-2,missile_airframe,0.25,25,10,25,10,27,4136,0.6666666666666666,42,15429.07333560288
SA-2,missile_airframe,0.25,25,15,25,15,40,6461,0.8666666666666667,42,15429.07333560288
SA-2,missile_airframe,0.25,25,20,25,20,53,8619,0.8666666666666667,42,15429.07333560288
SA-2,missile_airframe,0.25,25,30,25,25,65,10267,0.8666666666666667,42,15429.07333560288
SA-2,missile_airframe,0.25,50,5,42,5,13,1829,0.3333333333333333,42,15429.07333560288
SA-2,missile_airframe,0.25,50,10,42,10,28,3883,0.6666666666666666,42,15429.07333560288
SA-2,missile_airframe,0.25,50,15,42,15,39,6163,1.0,42,15429.07333560288
SA-2,missile_airframe,0.25,50,20,42,20,54,8526,1.0,42,15429.07333560288
SA-2,missile_airframe,0.25,50,30,42,30,79,12052,1.0,42,15429.07333560288
SA-2,missile_airframe,0.25,75,5,42,5,13,1829,0.3333333333333333,42,15429.07333560288
SA-2,missile_airframe,0.25,75,10,42,10,28,3883,0.6666666666666666,42,15429.07333560288
SA-2,missile_airframe,0.25,75,15,42,15,39,6163,1.0,42,15429.07333560288
SA-2,missile_airframe,0.25,75,20,42,20,54,8526,1.0,42,15429.07333560288
SA-2,missile_airframe,0.25,75,30,42,30,79,12052,1.0,42,15429.07333560288
SA-2,missile_airframe,0.25,100,5,42,5,13,1829,0.3333333333333333,42,15429.07333560288
SA-2,missile_airframe,0.25,100,10,42,10,28,3883,0.6666666666666666,42,15429.07333560288
SA-2,missile_airframe,0.25,100,15,42,15,39,6163,1.0,42,15429.07333560288
SA-2,missile_airframe,0.25,100,20,42,20,54,8526,1.0,42,15429.07333560288
SA-2,missile_airframe,0.25,100,30,42,30,79,12052,1.0,42,15429.07333560288
SA-2,missile_airframe,0.3,25,5,25,5,13,1829,0.3333333333333333,42,15429.07333560288
SA-2,missile_airframe,0.3,25,10,25,10,27,4136,0.6666666666666666,42,15429.07333560288
SA-2,missile_airframe,0.3,25,15,25,15,40,6461,0.8666666666666667,42,15429.07333560288
SA-2,missile_airframe,0.3,25,20,25,20,53,8619,0.8666666666666667,42,15429.07333560288
SA-2,missile_airframe,0.3,25,30,25,25,65,10267,0.8666666666666667,42,15429.07333560288
SA-2,missile_airframe,0.3,50,5,42,5,13,1829,0.3333333333333333,42,15429.07333560288
SA-2,missile_airframe,0.3,50,10,42,10,28,3883,0.6666666666666666,42,15429.07333560288
SA-2,missile_airframe,0.3,50,15,42,15,39,6163,1.0,42,15429.07333560288
SA-2,missile_airframe,0.3,50,20,42,20,54,8526,1.0,42,15429.07333560288
SA-2,missile_airframe,0.3,50,30,42,30,79,12052,1.0,42,15429.07333560288
SA-2,missile_airframe,0.3,75,5,42,5,13,1829,0.3333333333333333,42,15429.07333560288
SA-2,missile_airframe,0.3,75,10,42,10,28,3883,0.6666666666666666,42,15429.07333560288
SA-2,missile_airframe,0.3,75,15,42,15,39,6163,1.0,42,15429.07333560288
SA-2,missile_airframe,0.3,75,20,42,20,54,8526,1.0,42,15429.07333560288
SA-2,missile_airframe,0.3,75,30,42,30,79,12052,1.0,42,15429.07333560288
SA-2,missile_airframe,0.3,100,5,42,5,13,1829,0.3333333333333333,42,15429.07333560288
SA-2,missile_airframe,0.3,100,10,42,10,28,3883,0.6666666666666666,42,15429.07333560288
SA-2,missile_airframe,0.3,100,15,42,15,39,6163,1.0,42,15429.07333560288
SA-2,missile_airframe,0.3,100,20,42,20,54,8526,1.0,42,15429.07333560288
SA-2,missile_airframe,0.3,100,30,42,30,79,12052,1.0,42,15429.07333560288
SA-2,missile_airframe,0.35,25,5,25,5,13,1829,0.3333333333333333,42,15429.07333560288
SA-2,missile_airframe,0.35,25,10,25,10,27,4136,0.6666666666666666,42,15429.07333560288
SA-2,missile_airframe,0.35,25,15,25,15,40,6461,0.8666666666666667,42,15429.07333560288
SA-2,missile_airframe,0.35,25,20,25,20,53,8619,0.8666666666666667,42,15429.07333560288
SA-2,missile_airframe,0.35,25,30,25,25,65,10267,0.8666666666666667,42,15429.07333560288
SA-2,missile_airframe,0.35,50,5,38,5,13,1829,0.3333333333333333,42,15429.07333560288
SA-2,missile_airframe,0.35,50,10,38,10,28,3883,0.6666666666666666,42,15429.07333560288
SA-2,missile_airframe,0.35,50,15,38,15,39,6163,1.0,42,15429.07333560288
SA-2,missile_airframe,0.35,50,20,38,20,54,8526,1.0,42,15429.07333560288
SA-2,missile_airframe,0.35,50,30,38,30,81,12097,1.0,42,15429.07333560288
SA-2,missile_airframe,0.35,75,5,38,5,13,1829,0.3333333333333333,42,15429.07333560288
SA-2,missile_airframe,0.35,75,10,38,10,28,3883,0.6666666666666666,42,15429.07333560288
SA-2,missile_airframe,0.35,75,15,38,15,39,6163,1.0,42,15429.07333560288
SA-2,missile_airframe,0.35,75,20,38,20,54,8526,1.0,42,15429.07333560288
SA-2,missile_airframe,0.35,75,30,38,30,81,12097,1.0,42,15429.07333560288
SA-2,missile_airframe,0.35,100,5,38,5,13,1829,0.3333333333333333,42,15429.07333560288
SA-2,missile_airframe,0.35,100,10,38,10,28,3883,0.6666666666666666,42,15429.07333560288
SA-2,missile_airframe,0.35,100,15,38,15,39,6163,1.0,42,15429.07333560288
SA-2,missile_airframe,0.35,100,20,38,20,54,8526,1.0,42,15429.07333560288
SA-2,missile_airframe,0.35,100,30,38,30,81,12097,1.0,42,15429.07333560288
SA-2,missile_airframe,0.4,25,5,22,5,13,2192,0.3333333333333333,42,15429.07333560288
SA-2,missile_airframe,0.4,25,10,22,10,28,4581,0.6666666666666666,42,15429.07333560288
SA-2,missile_airframe,0.4,25,15,22,15,41,6779,0.8,42,15429.07333560288
SA-2,missile_airframe,0.4,25,20,22,20,54,8766,0.8,42,15429.07333560288
SA-2,missile_airframe,0.4,25,30,22,22,56,9195,0.8,42,15429.07333560288
SA-2,missile_airframe,0.4,50,5,22,5,13,2192,0.3333333333333333,42,15429.07333560288
SA-2,missile_airframe,0.4,50,10,22,10,28,4581,0.6666666666666666,42,15429.07333560288
SA-2,missile_airframe,0.4,50,15,22,15,41,6779,0.8,42,15429.07333560288
SA-2,missile_airframe,0.4,50,20,22,20,54,8766,0.8,42,15429.07333560288
SA-2,missile_airframe,0.4,50,30,22,22,56,9195,0.8,42,15429.07333560288
SA-2,missile_airframe,0.4,75,5,22,5,13,2192,0.3333333333333333,42,15429.07333560288
SA-2,missile_airframe,0.4,75,10,22,10,28,4581,0.6666666666666666,42,15429.07333560288
SA-2,missile_airframe,0.4,75,15,22,15,41,6779,0.8,42,15429.07333560288
SA-2,missile_airframe,0.4,75,20,22,20,54,8766,0.8,42,15429.07333560288
SA-2,missile_airframe,0.4,75,30,22,22,56,9195,0.8,42,15429.07333560288
SA-2,missile_airframe,0.4,100,5,22,5,13,2192,0.3333333333333333,42,15429.07333560288
SA-2,missile_airframe,0.4,100,10,22,10,28,4581,0.6666666666666666,42,15429.07333560288
SA-2,missile_airframe,0.4,100,15,22,15,41,6779,0.8,42,15429.07333560288
SA-2,missile_airframe,0.4,100,20,22,20,54,8766,0.8,42,15429.07333560288
SA-2,missile_airframe,0.4,100,30,22,22,56,9195,0.8,42,15429.07333560288
SA-2,missile_airframe,0.45,25,5,11,5,14,2171,0.3333333333333333,42,15429.07333560288
SA-2,missile_airframe,0.45,25,10,11,10,27,4294,0.4666666666666667,42,15429.07333560288
SA-2,missile_airframe,0.45,25,15,11,11,29,4591,0.4666666666666667,42,15429.07333560288
SA-2,missile_airframe,0.45,25,20,11,11,29,4591,0.4666666666666667,42,15429.07333560288
SA-2,missile_airframe,0.45,25,30,11,11,29,4591,0.4666666666666667,42,15429.07333560288
SA-2,missile_airframe,0.45,50,5,11,5,14,2171,0.3333333333333333,42,15429.07333560288
SA-2,missile_airframe,0.45,50,10,11,10,27,4294,0.4666666666666667,42,15429.07333560288
SA-2,missile_airframe,0.45,50,15,11,11,29,4591,0.4666666666666667,42,15429.07333560288
SA-2,missile_airframe,0.45,50,20,11,11,29,4591,0.4666666666666667,42,15429.07333560288
SA-2,missile_airframe,0.45,50,30,11,11,29,4591,0.4666666666666667,42,15429.07333560288
SA-2,missile_airframe,0.45,75,5,11,5,14,2171,0.3333333333333333,42,15429.07333560288
SA-2,missile_airframe,0.45,75,10,11,10,27,4294,0.4666666666666667,42,15429.07333560288
SA-2,missile_airframe,0.45,75,15,11,11,29,4591,0.4666666666666667,42,15429.07333560288
SA-2,missile_airframe,0.45,75,20,11,11,29,4591,0.4666666666666667,42,15429.07333560288
SA-2,missile_airframe,0.45,75,30,11,11,29,4591,0.4666666666666667,42,15429.07333560288
SA-2,missile_airframe,0.45,100,5,11,5,14,2171,0.3333333333333333,42,15429.07333560288
SA-2,missile_airframe,0.45,100,10,11,10,27,4294,0.4666666666666667,42,15429.07333560288
SA-2,missile_airframe,0.45,100,15,11,11,29,4591,0.4666666666666667,42,15429.07333560288
SA-2,missile_airframe,0.45,100,20,11,11,29,4591,0.4666666666666667,42,15429.07333560288
SA-2,missile_airframe,0.45,100,30,11,11,29,4591,0.4666666666666667,42,15429.07333560288
SA-2,missile_airframe,0.5,25,5,6,5,13,2047,0.26666666666666666,42,15429.07333560288
SA-2,missile_airframe,0.5,25,10,6,6,15,2344,0.26666666666666666,42,15429.07333560288
SA-2,missile_airframe,0.5,25,15,6,6,15,2344,0.26666666666666666,42,15429.07333560288
SA-2,missile_airframe,0.5,25,20,6,6,15,2344,0.26666666666666666,42,15429.07333560288
SA-2,missile_airframe,0.5,25,30,6,6,15,2344,0.26666666666666666,42,15429.07333560288
SA-2,missile_airframe,0.5,50,5,6,5,13,2047,0.26666666666666666,42,15429.07333560288
SA-2,missile_airframe,0.5,50,10,6,6,15,2344,0.26666666666666666,42,15429.07333560288
SA-2,missile_airframe,0.5,50,15,6,6,15,2344,0.26666666666666666,42,15429.07333560288
SA-2,missile_airframe,0.5,50,20,6,6,15,2344,0.26666666666666666,42,15429.07333560288
SA-2,missile_airframe,0.5,50,30,6,6,15,2344,0.26666666666666666,42,15429.07333560288
SA-2,missile_airframe,0.5,75,5,6,5,13,2047,0.26666666666666666,42,15429.07333560288
SA-2,missile_airframe,0.5,75,10,6,6,15,2344,0.26666666666666666,42,15429.07333560288
SA-2,missile_airframe,0.5,75,15,6,6,15,2344,0.26666666666666666,42,15429.07333560288
SA-2,missile_airframe,0.5,75,20,6,6,15,2344,0.26666666666666666,42,15429.07333560288
SA-2,missile_airframe,0.5,75,30,6,6,15,2344,0.26666666666666666,42,15429.07333560288
SA-2,missile_airframe,0.5,100,5,6,5,13,2047,0.26666666666666666,42,15429.07333560288
SA-2,missile_airframe,0.5,100,10,6,6,15,2344,0.26666666666666666,42,15429.07333560288
SA-2,missile_airframe,0.5,100,15,6,6,15,2344,0.26666666666666666,42,15429.07333560288
SA-2,missile_airframe,0.5,100,20,6,6,15,2344,0.26666666666666666,42,15429.07333560288
SA-2,missile_airframe,0.5,100,30,6,6,15,2344,0.26666666666666666,42,15429.07333560288
SA-2,missile_speed_timing,0.2,25,5,25,5,15,2468,0.3333333333333333,42,24406.490126624703
SA-2,missile_speed_timing,0.2,25,10,25,10,30,4641,0.6666666666666666,42,24406.490126624703
SA-2,missile_speed_timing,0.2,25,15,25,15,43,6834,0.7333333333333333,42,24406.490126624703
SA-2,missile_speed_timing,0.2,25,20,25,20,54,8682,0.7333333333333333,42,24406.490126624703
SA-2,missile_speed_timing,0.2,25,30,25,25,77,10566,0.7333333333333333,42,24406.490126624703
SA-2,missile_speed_timing,0.2,50,5,42,5,16,1754,0.3333333333333333,42,24406.490126624703
SA-2,missile_speed_timing,0.2,50,10,42,10,27,4111,0.6666666666666666,42,24406.490126624703
SA-2,missile_speed_timing,0.2,50,15,42,15,43,6360,1.0,42,24406.490126624703
SA-2,missile_speed_timing,0.2,50,20,42,20,55,8569,1.0,42,24406.490126624703
SA-2,missile_speed_timing,0.2,50,30,42,30,76,12344,1.0,42,24406.490126624703
SA-2,missile_speed_timing,0.2,75,5,42,5,16,1754,0.3333333333333333,42,24406.490126624703
SA-2,missile_speed_timing,0.2,75,10,42,10,27,4111,0.6666666666666666,42,24406.490126624703
SA-2,missile_speed_timing,0.2,75,15,42,15,43,6360,1.0,42,24406.490126624703
SA-2,missile_speed_timing,0.2,75,20,42,20,55,8569,1.0,42,24406.490126624703
SA-2,missile_speed_timing,0.2,75,30,42,30,76,12344,1.0,42,24406.490126624703
SA-2,missile_speed_timing,0.2,100,5,42,5,16,1754,0.3333333333333333,42,24406.490126624703
SA-2,missile_speed_timing,0.2,100,10,42,10,27,4111,0.6666666666666666,42,24406.490126624703
SA-2,missile_speed_timing,0.2,100,15,42,15,43,6360,1.0,42,24406.490126624703
SA-2,missile_speed_timing,0.2,100,20,42,20,55,8569,1.0,42,24406.490126624703
SA-2,missile_speed_timing,0.2,100,30,42,30,76,12344,1.0,42,24406.490126624703
SA-2,missile_speed_timing,0.25,25,5,25,5,15,2468,0.3333333333333333,42,24406.490126624703
SA-2,missile_speed_timing,0.25,25,10,25,10,30,4641,0.6666666666666666,42,24406.490126624703
SA-2,missile_speed_timing,0.25,25,15,25,15,43,6834,0.7333333333333333,42,24406.490126624703
SA-2,missile_speed_timing,0.25,25,20,25,20,54,8682,0.7333333333333333,42,24406.490126624703
SA-2,missile_speed_timing,0.25,25,30,25,25,77,10566,0.7333333333333333,42,24406.490126624703
SA-2,missile_speed_timing,0.25,50,5,42,5,16,1754,0.3333333333333333,42,24406.490126624703
SA-2,missile_speed_timing,0.25,50,10,42,10,27,4111,0.6666666666666666,42,24406.490126624703
SA-2,missile_speed_timing,0.25,50,15,42,15,43,6360,1.0,42,24406.490126624703
SA-2,missile_speed_timing,0.25,50,20,42,20,55,8569,1.0,42,24406.490126624703
SA-2,missile_speed_timing,0.25,50,30,42,30,76,12344,1.0,42,24406.490126624703
SA-2,missile_speed_timing,0.25,75,5,42,5,16,1754,0.3333333333333333,42,24406.490126624703
SA-2,missile_speed_timing,0.25,75,10,42,10,27,4111,0.6666666666666666,42,24406.490126624703
SA-2,missile_speed_timing,0.25,75,15,42,15,43,6360,1.0,42,24406.490126624703
SA-2,missile_speed_timing,0.25,75,20,42,20,55,8569,1.0,42,24406.490126624703
SA-2,missile_speed_timing,0.25,75,30,42,30,76,12344,1.0,42,24406.490126624703
SA-2,missile_speed_timing,0.25,100,5,42,5,16,1754,0.3333333333333333,42,24406.490126624703
SA-2,missile_speed_timing,0.25,100,10,42,10,27,4111,0.6666666666666666,42,24406.490126624703
SA-2,missile_speed_timing,0.25,100,15,42,15,43,6360,1.0,42,24406.490126624703
SA-2,missile_speed_timing,0.25,100,20,42,20,55,8569,1.0,42,24406.490126624703
SA-2,missile_speed_timing,0.25,100,30,42,30,76,12344,1.0,42,24406.490126624703
SA-2,missile_speed_timing,0.3,25,5,25,5,15,2468,0.3333333333333333,42,24406.490126624703
SA-2,missile_speed_timing,0.3,25,10,25,10,30,4641,0.6666666666666666,42,24406.490126624703
SA-2,missile_speed_timing,0.3,25,15,25,15,43,6834,0.7333333333333333,42,24406.490126624703
SA-2,missile_speed_timing,0.3,25,20,25,20,54,8682,0.7333333333333333,42,24406.490126624703
SA-2,missile_speed_timing,0.3,25,30,25,25,77,10566,0.7333333333333333,42,24406.490126624703
SA-2,missile_speed_timing,0.3,50,5,42,5,16,1754,0.3333333333333333,42,24406.490126624703
SA-2,missile_speed_timing,0.3,50,10,42,10,27,4111,0.6666666666666666,42,24406.490126624703
SA-2,missile_speed_timing,0.3,50,15,42,15,43,6360,1.0,42,24406.490126624703
SA-2,missile_speed_timing,0.3,50,20,42,20,55,8569,1.0,42,24406.490126624703
SA-2,missile_speed_timing,0.3,50,30,42,30,76,12344,1.0,42,24406.490126624703
SA-2,missile_speed_timing,0.3,75,5,42,5,16,1754,0.3333333333333333,42,24406.490126624703
SA-2,missile_speed_timing,0.3,75,10,42,10,27,4111,0.6666666666666666,42,24406.490126624703
SA-2,missile_speed_timing,0.3,75,15,42,15,43,6360,1.0,42,24406.490126624703
SA-2,missile_speed_timing,0.3,75,20,42,20,55,8569,1.0,42,24406.490126624703
SA-2,missile_speed_timing,0.3,75,30,42,30,76,12344,1.0,42,24406.490126624703
SA-2,missile_speed_timing,0.3,100,5,42,5,16,1754,0.3333333333333333,42,24406.490126624703
SA-2,missile_speed_timing,0.3,100,10,42,10,27,4111,0.6666666666666666,42,24406.490126624703
SA-2,missile_speed_timing,0.3,100,15,42,15,43,6360,1.0,42,24406.490126624703
SA-2,missile_speed_timing,0.3,100,20,42,20,55,8569,1.0,42,24406.490126624703
SA-2,missile_speed_timing,0.3,100,30,42,30,76,12344,1.0,42,24406.490126624703
SA-2,missile_speed_timing,0.35,25,5,25,5,15,2468,0.3333333333333333,42,24406.490126624703
SA-2,missile_speed_timing,0.35,25,10,25,10,30,4641,0.6666666666666666,42,24406.490126624703
SA-2,missile_speed_timing,0.35,25,15,25,15,43,6834,0.7333333333333333,42,24406.490126624703
SA-2,missile_speed_timing,0.35,25,20,25,20,54,8682,0.7333333333333333,42,24406.490126624703
SA-2,missile_speed_timing,0.35,25,30,25,25,77,10566,0.7333333333333333,42,24406.490126624703
SA-2,missile_speed_timing,0.35,50,5,41,5,16,1754,0.3333333333333333,42,24406.490126624703
SA-2,missile_speed_timing,0.35,50,10,41,10,27,4111,0.6666666666666666,42,24406.490126624703
SA-2,missile_speed_timing,0.35,50,15,41,15,43,6360,1.0,42,24406.490126624703
SA-2,missile_speed_timing,0.35,50,20,41,20,55,8569,1.0,42,24406.490126624703
SA-2,missile_speed_timing,0.35,50,30,41,30,76,12344,1.0,42,24406.490126624703
SA-2,missile_speed_timing,0.35,75,5,41,5,16,1754,0.3333333333333333,42,24406.490126624703
SA-2,missile_speed_timing,0.35,75,10,41,10,27,4111,0.6666666666666666,42,24406.490126624703
SA-2,missile_speed_timing,0.35,75,15,41,15,43,6360,1.0,42,24406.490126624703
SA-2,missile_speed_timing,0.35,75,20,41,20,55,8569,1.0,42,24406.490126624703
SA-2,missile_speed_timing,0.35,75,30,41,30,76,12344,1.0,42,24406.490126624703
SA-2,missile_speed_timing,0.35,100,5,41,5,16,1754,0.3333333333333333,42,24406.490126624703
SA-2,missile_speed_timing,0.35,100,10,41,10,27,4111,0.6666666666666666,42,24406.490126624703
SA-2,missile_speed_timing,0.35,100,15,41,15,43,6360,1.0,42,24406.490126624703
SA-2,missile_speed_timing,0.35,100,20,41,20,55,8569,1.0,42,24406.490126624703
SA-2,missile_speed_timing,0.35,100,30,41,30,76,12344,1.0,42,24406.490126624703
SA-2,missile_speed_timing,0.4,25,5,25,5,15,2468,0.3333333333333333,42,24406.490126624703
SA-2,missile_speed_timing,0.4,25,10,25,10,30,4641,0.6666666666666666,42,24406.490126624703
SA-2,missile_speed_timing,0.4,25,15,25,15,43,6834,0.7333333333333333,42,24406.490126624703
SA-2,missile_speed_timing,0.4,25,20,25,20,54,8682,0.7333333333333333,42,24406.490126624703
SA-2,missile_speed_timing,0.4,25,30,25,25,77,10566,0.7333333333333333,42,24406.490126624703
SA-2,missile_speed_timing,0.4,50,5,33,5,16,2192,0.3333333333333333,42,24406.490126624703
SA-2,missile_speed_timing,0.4,50,10,33,10,30,4328,0.6666666666666666,42,24406.490126624703
SA-2,missile_speed_timing,0.4,50,15,33,15,44,6742,0.8,42,24406.490126624703
SA-2,missile_speed_timing,0.4,50,20,33,20,55,8856,0.8,42,24406.490126624703
SA-2,missile_speed_timing,0.4,50,30,33,30,87,12647,0.8,42,24406.490126624703
SA-2,missile_speed_timing,0.4,75,5,33,5,16,2192,0.3333333333333333,42,24406.490126624703
SA-2,missile_speed_timing,0.4,75,10,33,10,30,4328,0.6666666666666666,42,24406.490126624703
SA-2,missile_speed_timing,0.4,75,15,33,15,44,6742,0.8,42,24406.490126624703
SA-2,missile_speed_timing,0.4,75,20,33,20,55,8856,0.8,42,24406.490126624703
SA-2,missile_speed_timing,0.4,75,30,33,30,87,12647,0.8,42,24406.490126624703
SA-2,missile_speed_timing,0.4,100,5,33,5,16,2192,0.3333333333333333,42,24406.490126624703
SA-2,missile_speed_timing,0.4,100,10,33,10,30,4328,0.6666666666666666,42,24406.490126624703
SA-2,missile_speed_timing,0.4,100,15,33,15,44,6742,0.8,42,24406.490126624703
SA-2,missile_speed_timing,0.4,100,20,33,20,55,8856,0.8,42,24406.490126624703
SA-2,missile_speed_timing,0.4,100,30,33,30,87,12647,0.8,42,24406.490126624703
SA-2,missile_speed_timing,0.45,25,5,16,5,16,2411,0.3333333333333333,42,24406.490126624703
SA-2,missile_speed_timing,0.45,25,10,16,10,31,4498,0.5333333333333333,42,24406.490126624703
SA-2,missile_speed_timing,0.45,25,15,16,15,43,6338,0.5333333333333333,42,24406.490126624703
SA-2,missile_speed_timing,0.45,25,20,16,16,47,6602,0.5333333333333333,42,24406.490126624703
SA-2,missile_speed_timing,0.45,25,30,16,16,47,6602,0.5333333333333333,42,24406.490126624703
SA-2,missile_speed_timing,0.45,50,5,16,5,16,2411,0.3333333333333333,42,24406.490126624703
SA-2,missile_speed_timing,0.45,50,10,16,10,31,4498,0.5333333333333333,42,24406.490126624703
SA-2,missile_speed_timing,0.45,50,15,16,15,43,6338,0.5333333333333333,42,24406.490126624703
SA-2,missile_speed_timing,0.45,50,20,16,16,47,6602,0.5333333333333333,42,24406.490126624703
SA-2,missile_speed_timing,0.45,50,30,16,16,47,6602,0.5333333333333333,42,24406.490126624703
SA-2,missile_speed_timing,0.45,75,5,16,5,16,2411,0.3333333333333333,42,24406.490126624703
SA-2,missile_speed_timing,0.45,75,10,16,10,31,4498,0.5333333333333333,42,24406.490126624703
SA-2,missile_speed_timing,0.45,75,15,16,15,43,6338,0.5333333333333333,42,24406.490126624703
SA-2,missile_speed_timing,0.45,75,20,16,16,47,6602,0.5333333333333333,42,24406.490126624703
SA-2,missile_speed_timing,0.45,75,30,16,16,47,6602,0.5333333333333333,42,24406.490126624703
SA-2,missile_speed_timing,0.45,100,5,16,5,16,2411,0.3333333333333333,42,24406.490126624703
SA-2,missile_speed_timing,0.45,100,10,16,10,31,4498,0.5333333333333333,42,24406.490126624703
SA-2,missile_speed_timing,0.45,100,15,16,15,43,6338,0.5333333333333333,42,24406.490126624703
SA-2,missile_speed_timing,0.45,100,20,16,16,47,6602,0.5333333333333333,42,24406.490126624703
SA-2,missile_speed_timing,0.45,100,30,16,16,47,6602,0.5333333333333333,42,24406.490126624703
SA-2,missile_speed_timing,0.5,25,5,7,5,16,2142,0.2,42,24406.490126624703
SA-2,missile_speed_timing,0.5,25,10,7,7,20,2797,0.2,42,24406.490126624703
SA-2,missile_speed_timing,0.5,25,15,7,7,20,2797,0.2,42,24406.490126624703
SA-2,missile_speed_timing,0.5,25,20,7,7,20,2797,0.2,42,24406.490126624703
SA-2,missile_speed_timing,0.5,25,30,7,7,20,2797,0.2,42,24406.490126624703
SA-2,missile_speed_timing,0.5,50,5,7,5,16,2142,0.2,42,24406.490126624703
SA-2,missile_speed_timing,0.5,50,10,7,7,20,2797,0.2,42,24406.490126624703
SA-2,missile_speed_timing,0.5,50,15,7,7,20,2797,0.2,42,24406.490126624703
SA-2,missile_speed_timing,0.5,50,20,7,7,20,2797,0.2,42,24406.490126624703
SA-2,missile_speed_timing,0.5,50,30,7,7,20,2797,0.2,42,24406.490126624703
SA-2,missile_speed_timing,0.5,75,5,7,5,16,2142,0.2,42,24406.490126624703
SA-2,missile_speed_timing,0.5,75,10,7,7,20,2797,0.2,42,24406.490126624703
SA-2,missile_speed_timing,0.5,75,15,7,7,20,2797,0.2,42,24406.490126624703
SA-2,missile_speed_timing,0.5,75,20,7,7,20,2797,0.2,42,24406.490126624703
SA-2,missile_speed_timing,0.5,75,30,7,7,20,2797,0.2,42,24406.490126624703
SA-2,missile_speed_timing,0.5,100,5,7,5,16,2142,0.2,42,24406.490126624703
SA-2,missile_speed_timing,0.5,100,10,7,7,20,2797,0.2,42,24406.490126624703
SA-2,missile_speed_timing,0.5,100,15,7,7,20,2797,0.2,42,24406.490126624703
SA-2,missile_speed_timing,0.5,100,20,7,7,20,2797,0.2,42,24406.490126624703
SA-2,missile_speed_timing,0.5,100,30,7,7,20,2797,0.2,42,24406.490126624703
SA-2,missile_propulsion,0.2,25,5,25,5,13,2198,0.3333333333333333,42,29492.11306683719
SA-2,missile_propulsion,0.2,25,10,25,10,26,4454,0.6666666666666666,42,29492.11306683719
SA-2,missile_propulsion,0.2,25,15,25,15,38,6786,0.7333333333333333,42,29492.11306683719
SA-2,missile_propulsion,0.2,25,20,25,20,59,8634,0.7333333333333333,42,29492.11306683719
SA-2,missile_propulsion,0.2,25,30,25,25,76,10862,0.7333333333333333,42,29492.11306683719
SA-2,missile_propulsion,0.2,50,5,42,5,12,1753,0.3333333333333333,42,29492.11306683719
SA-2,missile_propulsion,0.2,50,10,42,10,29,3849,0.6666666666666666,42,29492.11306683719
SA-2,missile_propulsion,0.2,50,15,42,15,40,6067,1.0,42,29492.11306683719
SA-2,missile_propulsion,0.2,50,20,42,20,51,8391,1.0,42,29492.11306683719
SA-2,missile_propulsion,0.2,50,30,42,30,83,12028,1.0,42,29492.11306683719
SA-2,missile_propulsion,0.2,75,5,42,5,12,1753,0.3333333333333333,42,29492.11306683719
SA-2,missile_propulsion,0.2,75,10,42,10,29,3849,0.6666666666666666,42,29492.11306683719
SA-2,missile_propulsion,0.2,75,15,42,15,40,6067,1.0,42,29492.11306683719
SA-2,missile_propulsion,0.2,75,20,42,20,51,8391,1.0,42,29492.11306683719
SA-2,missile_propulsion,0.2,75,30,42,30,83,12028,1.0,42,29492.11306683719
SA-2,missile_propulsion,0.2,100,5,42,5,12,1753,0.3333333333333333,42,29492.11306683719
SA-2,missile_propulsion,0.2,100,10,42,10,29,3849,0.6666666666666666,42,29492.11306683719
SA-2,missile_propulsion,0.2,100,15,42,15,40,6067,1.0,42,29492.11306683719
SA-2,missile_propulsion,0.2,100,20,42,20,51,8391,1.0,42,29492.11306683719
SA-2,missile_propulsion,0.2,100,30,42,30,83,12028,1.0,42,29492.11306683719
SA-2,missile_propulsion,0.25,25,5,25,5,13,2198,0.3333333333333333,42,29492.11306683719
SA-2,missile_propulsion,0.25,25,10,25,10,26,4454,0.6666666666666666,42,29492.11306683719
SA-2,missile_propulsion,0.25,25,15,25,15,38,6786,0.7333333333333333,42,29492.11306683719
SA-2,missile_propulsion,0.25,25,20,25,20,59,8634,0.7333333333333333,42,29492.11306683719
SA-2,missile_propulsion,0.25,25,30,25,25,76,10862,0.7333333333333333,42,29492.11306683719
SA-2,missile_propulsion,0.25,50,5,42,5,12,1753,0.3333333333333333,42,29492.11306683719
SA-2,missile_propulsion,0.25,50,10,42,10,29,3849,0.6666666666666666,42,29492.11306683719
SA-2,missile_propulsion,0.25,50,15,42,15,40,6067,1.0,42,29492.11306683719
SA-2,missile_propulsion,0.25,50,20,42,20,51,8391,1.0,42,29492.11306683719
SA-2,missile_propulsion,0.25,50,30,42,30,83,12028,1.0,42,29492.11306683719
SA-2,missile_propulsion,0.25,75,5,42,5,12,1753,0.3333333333333333,42,29492.11306683719
SA-2,missile_propulsion,0.25,75,10,42,10,29,3849,0.6666666666666666,42,29492.11306683719
SA-2,missile_propulsion,0.25,75,15,42,15,40,6067,1.0,42,29492.11306683719
SA-2,missile_propulsion,0.25,75,20,42,20,51,8391,1.0,42,29492.11306683719
SA-2,missile_propulsion,0.25,75,30,42,30,83,12028,1.0,42,29492.11306683719
SA-2,missile_propulsion,0.25,100,5,42,5,12,1753,0.3333333333333333,42,29492.11306683719
SA-2,missile_propulsion,0.25,100,10,42,10,29,3849,0.6666666666666666,42,29492.11306683719
SA-2,missile_propulsion,0.25,100,15,42,15,40,6067,1.0,42,29492.11306683719
SA-2,missile_propulsion,0.25,100,20,42,20,51,8391,1.0,42,29492.11306683719
SA-2,missile_propulsion,0.25,100,30,42,30,83,12028,1.0,42,29492.11306683719
SA-2,missile_propulsion,0.3,25,5,25,5,13,2198,0.3333333333333333,42,29492.11306683719
SA-2,missile_propulsion,0.3,25,10,25,10,26,4454,0.6666666666666666,42,29492.11306683719
SA-2,missile_propulsion,0.3,25,15,25,15,38,6786,0.7333333333333333,42,29492.11306683719
SA-2,missile_propulsion,0.3,25,20,25,20,59,8634,0.7333333333333333,42,29492.11306683719
SA-2,missile_propulsion,0.3,25,30,25,25,76,10862,0.7333333333333333,42,29492.11306683719
SA-2,missile_propulsion,0.3,50,5,42,5,12,1753,0.3333333333333333,42,29492.11306683719
SA-2,missile_propulsion,0.3,50,10,42,10,29,3849,0.6666666666666666,42,29492.11306683719
SA-2,missile_propulsion,0.3,50,15,42,15,40,6067,1.0,42,29492.11306683719
SA-2,missile_propulsion,0.3,50,20,42,20,51,8391,1.0,42,29492.11306683719
SA-2,missile_propulsion,0.3,50,30,42,30,83,12028,1.0,42,29492.11306683719
SA-2,missile_propulsion,0.3,75,5,42,5,12,1753,0.3333333333333333,42,29492.11306683719
SA-2,missile_propulsion,0.3,75,10,42,10,29,3849,0.6666666666666666,42,29492.11306683719
SA-2,missile_propulsion,0.3,75,15,42,15,40,6067,1.0,42,29492.11306683719
SA-2,missile_propulsion,0.3,75,20,42,20,51,8391,1.0,42,29492.11306683719
SA-2,missile_propulsion,0.3,75,30,42,30,83,12028,1.0,42,29492.11306683719
SA-2,missile_propulsion,0.3,100,5,42,5,12,1753,0.3333333333333333,42,29492.11306683719
SA-2,missile_propulsion,0.3,100,10,42,10,29,3849,0.6666666666666666,42,29492.11306683719
SA-2,missile_propulsion,0.3,100,15,42,15,40,6067,1.0,42,29492.11306683719
SA-2,missile_propulsion,0.3,100,20,42,20,51,8391,1.0,42,29492.11306683719
SA-2,missile_propulsion,0.3,100,30,42,30,83,12028,1.0,42,29492.11306683719
SA-2,missile_propulsion,0.35,25,5,25,5,13,2198,0.3333333333333333,42,29492.11306683719
SA-2,missile_propulsion,0.35,25,10,25,10,26,4454,0.6666666666666666,42,29492.11306683719
SA-2,missile_propulsion,0.35,25,15,25,15,38,6786,0.7333333333333333,42,29492.11306683719
SA-2,missile_propulsion,0.35,25,20,25,20,59,8634,0.7333333333333333,42,29492.11306683719
SA-2,missile_propulsion,0.35,25,30,25,25,76,10862,0.7333333333333333,42,29492.11306683719
SA-2,missile_propulsion,0.35,50,5,36,5,12,1753,0.3333333333333333,42,29492.11306683719
SA-2,missile_propulsion,0.35,50,10,36,10,29,3849,0.6666666666666666,42,29492.11306683719
SA-2,missile_propulsion,0.35,50,15,36,15,40,6067,1.0,42,29492.11306683719
SA-2,missile_propulsion,0.35,50,20,36,20,51,8391,1.0,42,29492.11306683719
SA-2,missile_propulsion,0.35,50,30,36,30,85,12703,1.0,42,29492.11306683719
SA-2,missile_propulsion,0.35,75,5,36,5,12,1753,0.3333333333333333,42,29492.11306683719
SA-2,missile_propulsion,0.35,75,10,36,10,29,3849,0.6666666666666666,42,29492.11306683719
SA-2,missile_propulsion,0.35,75,15,36,15,40,6067,1.0,42,29492.11306683719
SA-2,missile_propulsion,0.35,75,20,36,20,51,8391,1.0,42,29492.11306683719
SA-2,missile_propulsion,0.35,75,30,36,30,85,12703,1.0,42,29492.11306683719
SA-2,missile_propulsion,0.35,100,5,36,5,12,1753,0.3333333333333333,42,29492.11306683719
SA-2,missile_propulsion,0.35,100,10,36,10,29,3849,0.6666666666666666,42,29492.11306683719
SA-2,missile_propulsion,0.35,100,15,36,15,40,6067,1.0,42,29492.11306683719
SA-2,missile_propulsion,0.35,100,20,36,20,51,8391,1.0,42,29492.11306683719
SA-2,missile_propulsion,0.35,100,30,36,30,85,12703,1.0,42,29492.11306683719
SA-2,missile_propulsion,0.4,25,5,19,5,13,2198,0.3333333333333333,42,29492.11306683719
SA-2,missile_propulsion,0.4,25,10,19,10,27,4378,0.6,42,29492.11306683719
SA-2,missile_propulsion,0.4,25,15,19,15,39,6171,0.6,42,29492.11306683719
SA-2,missile_propulsion,0.4,25,20,19,19,52,7911,0.6,42,29492.11306683719
SA-2,missile_propulsion,0.4,25,30,19,19,52,7911,0.6,42,29492.11306683719
SA-2,missile_propulsion,0.4,50,5,19,5,13,2198,0.3333333333333333,42,29492.11306683719
SA-2,missile_propulsion,0.4,50,10,19,10,27,4378,0.6,42,29492.11306683719
SA-2,missile_propulsion,0.4,50,15,19,15,39,6171,0.6,42,29492.11306683719
SA-2,missile_propulsion,0.4,50,20,19,19,52,7911,0.6,42,29492.11306683719
SA-2,missile_propulsion,0.4,50,30,19,19,52,7911,0.6,42,29492.11306683719
SA-2,missile_propulsion,0.4,75,5,19,5,13,2198,0.3333333333333333,42,29492.11306683719
SA-2,missile_propulsion,0.4,75,10,19,10,27,4378,0.6,42,29492.11306683719
SA-2,missile_propulsion,0.4,75,15,19,15,39,6171,0.6,42,29492.11306683719
SA-2,missile_propulsion,0.4,75,20,19,19,52,7911,0.6,42,29492.11306683719
SA-2,missile_propulsion,0.4,75,30,19,19,52,7911,0.6,42,29492.11306683719
SA-2,missile_propulsion,0.4,100,5,19,5,13,2198,0.3333333333333333,42,29492.11306683719
SA-2,missile_propulsion,0.4,100,10,19,10,27,4378,0.6,42,29492.11306683719
SA-2,missile_propulsion,0.4,100,15,19,15,39,6171,0.6,42,29492.11306683719
SA-2,missile_propulsion,0.4,100,20,19,19,52,7911,0.6,42,29492.11306683719
SA-2,missile_propulsion,0.4,100,30,19,19,52,7911,0.6,42,29492.11306683719
SA-2,missile_propulsion,0.45,25,5,7,5,15,2189,0.3333333333333333,42,29492.11306683719
SA-2,missile_propulsion,0.45,25,10,7,7,19,2844,0.3333333333333333,42,29492.11306683719
SA-2,missile_propulsion,0.45,25,15,7,7,19,2844,0.3333333333333333,42,29492.11306683719
SA-2,missile_propulsion,0.45,25,20,7,7,19,2844,0.3333333333333333,42,29492.11306683719
SA-2,missile_propulsion,0.45,25,30,7,7,19,2844,0.3333333333333333,42,29492.11306683719
SA-2,missile_propulsion,0.45,50,5,7,5,15,2189,0.3333333333333333,42,29492.11306683719
SA-2,missile_propulsion,0.45,50,10,7,7,19,2844,0.3333333333333333,42,29492.11306683719
SA-2,missile_propulsion,0.45,50,15,7,7,19,2844,0.3333333333333333,42,29492.11306683719
SA-2,missile_propulsion,0.45,50,20,7,7,19,2844,0.3333333333333333,42,29492.11306683719
SA-2,missile_propulsion,0.45,50,30,7,7,19,2844,0.3333333333333333,42,29492.11306683719
SA-2,missile_propulsion,0.45,75,5,7,5,15,2189,0.3333333333333333,42,29492.11306683719
SA-2,missile_propulsion,0.45,75,10,7,7,19,2844,0.3333333333333333,42,29492.11306683719
SA-2,missile_propulsion,0.45,75,15,7,7,19,2844,0.3333333333333333,42,29492.11306683719
SA-2,missile_propulsion,0.45,75,20,7,7,19,2844,0.3333333333333333,42,29492.11306683719
SA-2,missile_propulsion,0.45,75,30,7,7,19,2844,0.3333333333333333,42,29492.11306683719
SA-2,missile_propulsion,0.45,100,5,7,5,15,2189,0.3333333333333333,42,29492.11306683719
SA-2,missile_propulsion,0.45,100,10,7,7,19,2844,0.3333333333333333,42,29492.11306683719
SA-2,missile_propulsion,0.45,100,15,7,7,19,2844,0.3333333333333333,42,29492.11306683719
SA-2,missile_propulsion,0.45,100,20,7,7,19,2844,0.3333333333333333,42,29492.11306683719
SA-2,missile_propulsion,0.45,100,30,7,7,19,2844,0.3333333333333333,42,29492.11306683719
SA-2,missile_propulsion,0.5,25,5,5,5,15,2118,0.26666666666666666,42,29492.11306683719
SA-2,missile_propulsion,0.5,25,10,5,5,15,2118,0.26666666666666666,42,29492.11306683719
SA-2,missile_propulsion,0.5,25,15,5,5,15,2118,0.26666666666666666,42,29492.11306683719
SA-2,missile_propulsion,0.5,25,20,5,5,15,2118,0.26666666666666666,42,29492.11306683719
SA-2,missile_propulsion,0.5,25,30,5,5,15,2118,0.26666666666666666,42,29492.11306683719
SA-2,missile_propulsion,0.5,50,5,5,5,15,2118,0.26666666666666666,42,29492.11306683719
SA-2,missile_propulsion,0.5,50,10,5,5,15,2118,0.26666666666666666,42,29492.11306683719
SA-2,missile_propulsion,0.5,50,15,5,5,15,2118,0.26666666666666666,42,29492.11306683719
SA-2,missile_propulsion,0.5,50,20,5,5,15,2118,0.26666666666666666,42,29492.11306683719
SA-2,missile_propulsion,0.5,50,30,5,5,15,2118,0.26666666666666666,42,29492.11306683719
SA-2,missile_propulsion,0.5,75,5,5,5,15,2118,0.26666666666666666,42,29492.11306683719
SA-2,missile_propulsion,0.5,75,10,5,5,15,2118,0.26666666666666666,42,29492.11306683719
SA-2,missile_propulsion,0.5,75,15,5,5,15,2118,0.26666666666666666,42,29492.11306683719
SA-2,missile_propulsion,0.5,75,20,5,5,15,2118,0.26666666666666666,42,29492.11306683719
SA-2,missile_propulsion,0.5,75,30,5,5,15,2118,0.26666666666666666,42,29492.11306683719
SA-2,missile_propulsion,0.5,100,5,5,5,15,2118,0.26666666666666666,42,29492.11306683719
SA-2,missile_propulsion,0.5,100,10,5,5,15,2118,0.26666666666666666,42,29492.11306683719
SA-2,missile_propulsion,0.5,100,15,5,5,15,2118,0.26666666666666666,42,29492.11306683719
SA-2,missile_propulsion,0.5,100,20,5,5,15,2118,0.26666666666666666,42,29492.11306683719
SA-2,missile_propulsion,0.5,100,30,5,5,15,2118,0.26666666666666666,42,29492.11306683719
